,support,itemsets
0,0.1951219512195122,"frozenset({'Herbal Essences Aloe & Bamboo Shampoo + Conditioner For Soft Smooth Hair, No Sulphates & Paraben'})"
1,0.17073170731707318,"frozenset({'Herbal Essences Aloe & Bamboo Shampoo For Soft Smooth Hair, No-Sulphates, Paraben and Silicones'})"
2,0.17073170731707318,"frozenset({'Herbal Essences Aloe & Eucalyptus Shampoo For Soft Smooth Hair, No- Sulphates, Paraben and Silicones'})"
3,0.36585365853658536,"frozenset({'Herbal Essences Argan Oil Shampoo & Conditioner For Frizz - No Parabens, No Colourants'})"
4,0.2682926829268293,frozenset({'Herbal Essences Bio:Renew Hydrate Coconut Milk Conditioner'})
5,0.17073170731707318,frozenset({'Herbal Essences Bio:Renew Strength Whipped Cocoa Butter Conditioner'})
6,0.1951219512195122,"frozenset({'Herbal Essences Cocoa Butter Shampoo For Hair Strengthening - No Parabens, No Colourants'})"
7,0.21951219512195122,"frozenset({'Herbal Essences Coconut Milk Shampoo & Conditioner For Hydration & Softness - No Parabens, No Colourants'})"
8,0.34146341463414637,frozenset({'Herbal Essences Coconut Milk Shampoo For Hydration & Softness - No Parabens- No Colourants'})
9,0.17073170731707318,frozenset({'Herbal Essences Strawberry & Mint Conditioner - For Cleansing & Volume - Paraben Free'})
10,0.3170731707317073,frozenset({'Herbal Essences Strawberry & Mint Shampoo - For Cleansing & Volume - Paraben Free'})
11,0.17073170731707318,frozenset({'Herbal Essences Strawberry 2 Shampoo + Conditioner'})
12,0.21951219512195122,"frozenset({'Herbal Essences Strawberry Shampoo & Conditioner For Volume - No Parabens, No Colourants'})"
13,0.34146341463414637,frozenset({'Kay Beauty Colour Correcting Primer'})
14,0.3902439024390244,frozenset({'Kay Beauty Colour Corrector Stick'})
15,0.3902439024390244,frozenset({'Kay Beauty Creme Blush'})
16,0.4878048780487805,frozenset({'Kay Beauty Eyeshadow Palette'})
17,0.24390243902439024,frozenset({'Kay Beauty Gel Eye Pencil'})
18,0.1951219512195122,frozenset({'Kay Beauty HD Liquid Colour Corrector'})
19,0.21951219512195122,frozenset({'Kay Beauty HD Translucent Loose Powder - White'})
20,0.34146341463414637,frozenset({'Kay Beauty Hd Liquid Concealer'})
21,0.43902439024390244,frozenset({'Kay Beauty Illuminating Highlighter'})
22,0.5121951219512195,frozenset({'Kay Beauty Matte Compact'})
23,0.34146341463414637,frozenset({'Kay Beauty Matte Drama Long Stay Lipstick'})
24,0.17073170731707318,frozenset({'Kay Beauty Matteinee Matte Lip Crayon Lipstick'})
25,0.4146341463414634,frozenset({'Kay Beauty Ultra Black Volume & Length Mascara - Midnight'})
26,0.17073170731707318,"frozenset({""L'Oreal Paris Age 20+ Skin Perfect Cream UV Filters""})"
27,0.1951219512195122,"frozenset({""L'Oreal Paris Excellence Fashion Highlights Hair Color""})"
28,0.3170731707317073,"frozenset({""L'Oreal Paris Infallible Pro-Spray & Set Makeup Extender""})"
29,0.24390243902439024,"frozenset({""L'Oreal Paris Infallible Ultra Matte Liquid Les Macarons Lipstick""})"
30,0.21951219512195122,frozenset({'Lakme 9 To 5 Matte Moist Mattifying Moisturiser'})
31,0.2682926829268293,frozenset({'Lakme 9to5 Primer + Matte Liquid Lip Color'})
32,0.3902439024390244,frozenset({'Lakme Absolute Argan Oil Serum Foundation With SPF 45'})
33,0.17073170731707318,frozenset({'Lakme Absolute Illuminating Blush Shimmer Brick'})
34,0.43902439024390244,frozenset({'Lakme Absolute Kohl Ultimate The Gelato Collection'})
35,0.2926829268292683,frozenset({'Lakme Absolute Plush Matte Lip Crayon'})
36,0.24390243902439024,frozenset({'Lakme Absolute White Intense SPF 20 Concealer Stick'})
37,0.17073170731707318,frozenset({'Lakme Enrich Matte Lipstick'})
38,0.2682926829268293,frozenset({'Lakme Enrich Satin Lipstick'})
39,0.17073170731707318,frozenset({'Lakme Face Sheer Blusher'})
40,0.43902439024390244,frozenset({'Lakme Kajal - Black'})
41,0.17073170731707318,frozenset({'Maybelline New York Define & Blend Brow Pencil'})
42,0.1951219512195122,frozenset({'Maybelline New York Facestudio Master Strobing Cream'})
43,0.2682926829268293,frozenset({'Maybelline New York Fashion Brow Duo Shaper'})
44,0.24390243902439024,frozenset({'Maybelline New York Tattoo Studio Gel Eyeliner Pencil'})
45,0.17073170731707318,frozenset({'Maybelline New York The Blushed Nudes Eye Shadow Palette'})
46,0.1951219512195122,"frozenset({'NIVEA Sun Lotion, SPF 50, with UVA & UVB Protection, Water Resistant Sunscreen'})"
47,0.24390243902439024,frozenset({'NYX Professional Makeup Born To Glow Liquid Illuminator'})
48,0.2926829268292683,frozenset({'NYX Professional Makeup Liquid Suede Cream Lipstick'})
49,0.17073170731707318,frozenset({'NYX Professional Makeup Pore Filler'})
50,0.1951219512195122,frozenset({'NYX Professional Makeup Powder Puff Lippie Cream'})
51,0.17073170731707318,frozenset({'Nykaa Cosmetics Get Set Matte Liquid Lipstick Duo - G.O.A.T + LIT'})
52,0.2682926829268293,frozenset({'Nykaa Dual Tone Nail Enamel Remover'})
53,0.17073170731707318,"frozenset({""Nykaa GLAMOReyes Coloured Liquid Eyeliner - 05 Dragon's Heart""})"
54,0.21951219512195122,frozenset({'Nykaa Get Winged! Sketch Eyeliner Pen - Black Swan 01'})
55,0.2682926829268293,frozenset({'Nykaa Matte to Last! Metallic Liquid Lipstick and Eyeshadow'})
56,0.43902439024390244,frozenset({'Nykaa Matte to Last! Mini Metallic Liquid Lipstick and Eyeshadow'})
57,0.17073170731707318,frozenset({'Nykaa Naturals Anti-Pigmentation & De-tanning Face Wash Combo - Papaya +Sandalwood & Orange Peel'})
58,0.36585365853658536,frozenset({'Nykaa Naturals Apple Cider Vinegar & Ginger Shampoo & Conditioner- Anti-Dandruff Combo'})
59,0.36585365853658536,frozenset({'Nykaa SKINgenius Skin Perfecting & Hydrating Matte Powder Compact - Rose Beige 02'})
60,0.17073170731707318,frozenset({'Nykaa Skin Secrets Tea Tree & Salicylic Acid Spot Patch'})
61,0.17073170731707318,"frozenset({'Herbal Essences Argan Oil Shampoo & Conditioner For Frizz - No Parabens, No Colourants', 'Herbal Essences Aloe & Bamboo Shampoo + Conditioner For Soft Smooth Hair, No Sulphates & Paraben'})"
62,0.17073170731707318,"frozenset({'Nykaa Naturals Apple Cider Vinegar & Ginger Shampoo & Conditioner- Anti-Dandruff Combo', 'Herbal Essences Aloe & Bamboo Shampoo + Conditioner For Soft Smooth Hair, No Sulphates & Paraben'})"
63,0.1951219512195122,"frozenset({'Herbal Essences Argan Oil Shampoo & Conditioner For Frizz - No Parabens, No Colourants', 'Herbal Essences Bio:Renew Hydrate Coconut Milk Conditioner'})"
64,0.1951219512195122,"frozenset({'Herbal Essences Coconut Milk Shampoo & Conditioner For Hydration & Softness - No Parabens, No Colourants', 'Herbal Essences Argan Oil Shampoo & Conditioner For Frizz - No Parabens, No Colourants'})"
65,0.1951219512195122,"frozenset({'Herbal Essences Argan Oil Shampoo & Conditioner For Frizz - No Parabens, No Colourants', 'Herbal Essences Coconut Milk Shampoo For Hydration & Softness - No Parabens- No Colourants'})"
66,0.1951219512195122,"frozenset({'Herbal Essences Argan Oil Shampoo & Conditioner For Frizz - No Parabens, No Colourants', 'Herbal Essences Strawberry & Mint Shampoo - For Cleansing & Volume - Paraben Free'})"
67,0.17073170731707318,"frozenset({'Herbal Essences Argan Oil Shampoo & Conditioner For Frizz - No Parabens, No Colourants', 'Herbal Essences Strawberry Shampoo & Conditioner For Volume - No Parabens, No Colourants'})"
68,0.17073170731707318,"frozenset({'Herbal Essences Argan Oil Shampoo & Conditioner For Frizz - No Parabens, No Colourants', 'Kay Beauty Colour Corrector Stick'})"
69,0.17073170731707318,"frozenset({'Herbal Essences Argan Oil Shampoo & Conditioner For Frizz - No Parabens, No Colourants', 'Kay Beauty Illuminating Highlighter'})"
70,0.21951219512195122,"frozenset({'Herbal Essences Argan Oil Shampoo & Conditioner For Frizz - No Parabens, No Colourants', 'Kay Beauty Ultra Black Volume & Length Mascara - Midnight'})"
71,0.24390243902439024,"frozenset({'Herbal Essences Argan Oil Shampoo & Conditioner For Frizz - No Parabens, No Colourants', 'Lakme Absolute Kohl Ultimate The Gelato Collection'})"
72,0.21951219512195122,"frozenset({'Nykaa Naturals Apple Cider Vinegar & Ginger Shampoo & Conditioner- Anti-Dandruff Combo', 'Herbal Essences Argan Oil Shampoo & Conditioner For Frizz - No Parabens, No Colourants'})"
73,0.1951219512195122,"frozenset({'Herbal Essences Argan Oil Shampoo & Conditioner For Frizz - No Parabens, No Colourants', 'Nykaa SKINgenius Skin Perfecting & Hydrating Matte Powder Compact - Rose Beige 02'})"
74,0.1951219512195122,"frozenset({'Herbal Essences Bio:Renew Hydrate Coconut Milk Conditioner', 'Herbal Essences Coconut Milk Shampoo For Hydration & Softness - No Parabens- No Colourants'})"
75,0.1951219512195122,"frozenset({'Herbal Essences Bio:Renew Hydrate Coconut Milk Conditioner', 'Herbal Essences Strawberry & Mint Shampoo - For Cleansing & Volume - Paraben Free'})"
76,0.17073170731707318,"frozenset({'Herbal Essences Bio:Renew Strength Whipped Cocoa Butter Conditioner', 'Herbal Essences Strawberry & Mint Shampoo - For Cleansing & Volume - Paraben Free'})"
77,0.17073170731707318,"frozenset({'Herbal Essences Cocoa Butter Shampoo For Hair Strengthening - No Parabens, No Colourants', 'Herbal Essences Coconut Milk Shampoo For Hydration & Softness - No Parabens- No Colourants'})"
78,0.17073170731707318,"frozenset({'Herbal Essences Coconut Milk Shampoo & Conditioner For Hydration & Softness - No Parabens, No Colourants', 'Herbal Essences Strawberry Shampoo & Conditioner For Volume - No Parabens, No Colourants'})"
79,0.1951219512195122,"frozenset({'Herbal Essences Strawberry & Mint Shampoo - For Cleansing & Volume - Paraben Free', 'Herbal Essences Coconut Milk Shampoo For Hydration & Softness - No Parabens- No Colourants'})"
80,0.17073170731707318,"frozenset({'Lakme Absolute Kohl Ultimate The Gelato Collection', 'Herbal Essences Coconut Milk Shampoo For Hydration & Softness - No Parabens- No Colourants'})"
81,0.17073170731707318,"frozenset({'Lakme Enrich Satin Lipstick', 'Herbal Essences Coconut Milk Shampoo For Hydration & Softness - No Parabens- No Colourants'})"
82,0.17073170731707318,"frozenset({'Herbal Essences Strawberry & Mint Shampoo - For Cleansing & Volume - Paraben Free', 'Kay Beauty Illuminating Highlighter'})"
83,0.1951219512195122,"frozenset({'Lakme Absolute Kohl Ultimate The Gelato Collection', 'Herbal Essences Strawberry & Mint Shampoo - For Cleansing & Volume - Paraben Free'})"
84,0.21951219512195122,"frozenset({'Kay Beauty Creme Blush', 'Kay Beauty Colour Correcting Primer'})"
85,0.24390243902439024,"frozenset({'Kay Beauty Eyeshadow Palette', 'Kay Beauty Colour Correcting Primer'})"
86,0.17073170731707318,"frozenset({'Kay Beauty Gel Eye Pencil', 'Kay Beauty Colour Correcting Primer'})"
87,0.17073170731707318,"frozenset({'Kay Beauty HD Translucent Loose Powder - White', 'Kay Beauty Colour Correcting Primer'})"
88,0.24390243902439024,"frozenset({'Kay Beauty Hd Liquid Concealer', 'Kay Beauty Colour Correcting Primer'})"
89,0.2682926829268293,"frozenset({'Kay Beauty Colour Correcting Primer', 'Kay Beauty Illuminating Highlighter'})"
90,0.24390243902439024,"frozenset({'Kay Beauty Matte Compact', 'Kay Beauty Colour Correcting Primer'})"
91,0.1951219512195122,"frozenset({'Kay Beauty Ultra Black Volume & Length Mascara - Midnight', 'Kay Beauty Colour Correcting Primer'})"
92,0.17073170731707318,"frozenset({'Lakme Absolute Kohl Ultimate The Gelato Collection', 'Kay Beauty Colour Correcting Primer'})"
93,0.17073170731707318,"frozenset({'Lakme Kajal - Black', 'Kay Beauty Colour Correcting Primer'})"
94,0.24390243902439024,"frozenset({'Nykaa Matte to Last! Mini Metallic Liquid Lipstick and Eyeshadow', 'Kay Beauty Colour Correcting Primer'})"
95,0.2682926829268293,"frozenset({'Kay Beauty Eyeshadow Palette', 'Kay Beauty Colour Corrector Stick'})"
96,0.17073170731707318,"frozenset({'Kay Beauty Hd Liquid Concealer', 'Kay Beauty Colour Corrector Stick'})"
97,0.24390243902439024,"frozenset({'Kay Beauty Colour Corrector Stick', 'Kay Beauty Illuminating Highlighter'})"
98,0.1951219512195122,"frozenset({'Kay Beauty Matte Compact', 'Kay Beauty Colour Corrector Stick'})"
99,0.24390243902439024,"frozenset({'Kay Beauty Ultra Black Volume & Length Mascara - Midnight', 'Kay Beauty Colour Corrector Stick'})"
100,0.2682926829268293,"frozenset({'Lakme Absolute Kohl Ultimate The Gelato Collection', 'Kay Beauty Colour Corrector Stick'})"
101,0.21951219512195122,"frozenset({'Lakme Kajal - Black', 'Kay Beauty Colour Corrector Stick'})"
102,0.1951219512195122,"frozenset({'Nykaa Matte to Last! Mini Metallic Liquid Lipstick and Eyeshadow', 'Kay Beauty Colour Corrector Stick'})"
103,0.1951219512195122,"frozenset({'Nykaa Naturals Apple Cider Vinegar & Ginger Shampoo & Conditioner- Anti-Dandruff Combo', 'Kay Beauty Colour Corrector Stick'})"
104,0.1951219512195122,"frozenset({'Kay Beauty Colour Corrector Stick', 'Nykaa SKINgenius Skin Perfecting & Hydrating Matte Powder Compact - Rose Beige 02'})"
105,0.21951219512195122,"frozenset({'Kay Beauty Creme Blush', 'Kay Beauty Eyeshadow Palette'})"
106,0.21951219512195122,"frozenset({'Kay Beauty Gel Eye Pencil', 'Kay Beauty Creme Blush'})"
107,0.1951219512195122,"frozenset({'Kay Beauty Creme Blush', 'Kay Beauty Hd Liquid Concealer'})"
108,0.17073170731707318,"frozenset({'Kay Beauty Creme Blush', 'Kay Beauty Illuminating Highlighter'})"
109,0.2926829268292683,"frozenset({'Kay Beauty Creme Blush', 'Kay Beauty Matte Compact'})"
110,0.21951219512195122,"frozenset({'Kay Beauty Creme Blush', 'Kay Beauty Ultra Black Volume & Length Mascara - Midnight'})"
111,0.17073170731707318,"frozenset({""L'Oreal Paris Infallible Pro-Spray & Set Makeup Extender"", 'Kay Beauty Creme Blush'})"
112,0.1951219512195122,"frozenset({'Kay Beauty Creme Blush', ""L'Oreal Paris Infallible Ultra Matte Liquid Les Macarons Lipstick""})"
113,0.17073170731707318,"frozenset({'Kay Beauty Creme Blush', 'Lakme 9to5 Primer + Matte Liquid Lip Color'})"
114,0.17073170731707318,"frozenset({'Lakme Absolute Kohl Ultimate The Gelato Collection', 'Kay Beauty Creme Blush'})"
115,0.21951219512195122,"frozenset({'Kay Beauty Creme Blush', 'Lakme Kajal - Black'})"
116,0.17073170731707318,"frozenset({'Nykaa Naturals Apple Cider Vinegar & Ginger Shampoo & Conditioner- Anti-Dandruff Combo', 'Kay Beauty Creme Blush'})"
117,0.17073170731707318,"frozenset({'Kay Beauty Creme Blush', 'Nykaa SKINgenius Skin Perfecting & Hydrating Matte Powder Compact - Rose Beige 02'})"
118,0.21951219512195122,"frozenset({'Kay Beauty Gel Eye Pencil', 'Kay Beauty Eyeshadow Palette'})"
119,0.1951219512195122,"frozenset({'Kay Beauty Eyeshadow Palette', 'Kay Beauty HD Translucent Loose Powder - White'})"
120,0.3170731707317073,"frozenset({'Kay Beauty Eyeshadow Palette', 'Kay Beauty Hd Liquid Concealer'})"
121,0.2926829268292683,"frozenset({'Kay Beauty Eyeshadow Palette', 'Kay Beauty Illuminating Highlighter'})"
122,0.4146341463414634,"frozenset({'Kay Beauty Matte Compact', 'Kay Beauty Eyeshadow Palette'})"
123,0.17073170731707318,"frozenset({'Kay Beauty Matte Drama Long Stay Lipstick', 'Kay Beauty Eyeshadow Palette'})"
124,0.24390243902439024,"frozenset({'Kay Beauty Ultra Black Volume & Length Mascara - Midnight', 'Kay Beauty Eyeshadow Palette'})"
125,0.17073170731707318,"frozenset({'Kay Beauty Eyeshadow Palette', 'Lakme 9 To 5 Matte Moist Mattifying Moisturiser'})"
126,0.21951219512195122,"frozenset({'Kay Beauty Eyeshadow Palette', 'Lakme 9to5 Primer + Matte Liquid Lip Color'})"
127,0.3170731707317073,"frozenset({'Lakme Absolute Kohl Ultimate The Gelato Collection', 'Kay Beauty Eyeshadow Palette'})"
128,0.21951219512195122,"frozenset({'Kay Beauty Eyeshadow Palette', 'Lakme Absolute Plush Matte Lip Crayon'})"
129,0.2926829268292683,"frozenset({'Kay Beauty Eyeshadow Palette', 'Lakme Kajal - Black'})"
130,0.1951219512195122,"frozenset({'Nykaa Get Winged! Sketch Eyeliner Pen - Black Swan 01', 'Kay Beauty Eyeshadow Palette'})"
131,0.36585365853658536,"frozenset({'Kay Beauty Eyeshadow Palette', 'Nykaa Matte to Last! Mini Metallic Liquid Lipstick and Eyeshadow'})"
132,0.21951219512195122,"frozenset({'Nykaa Naturals Apple Cider Vinegar & Ginger Shampoo & Conditioner- Anti-Dandruff Combo', 'Kay Beauty Eyeshadow Palette'})"
133,0.2682926829268293,"frozenset({'Kay Beauty Eyeshadow Palette', 'Nykaa SKINgenius Skin Perfecting & Hydrating Matte Powder Compact - Rose Beige 02'})"
134,0.1951219512195122,"frozenset({'Kay Beauty Gel Eye Pencil', 'Kay Beauty Hd Liquid Concealer'})"
135,0.1951219512195122,"frozenset({'Kay Beauty Gel Eye Pencil', 'Kay Beauty Matte Compact'})"
136,0.17073170731707318,"frozenset({'Kay Beauty Gel Eye Pencil', 'Kay Beauty Ultra Black Volume & Length Mascara - Midnight'})"
137,0.17073170731707318,"frozenset({'Kay Beauty Gel Eye Pencil', 'Lakme 9to5 Primer + Matte Liquid Lip Color'})"
138,0.17073170731707318,"frozenset({'Nykaa Naturals Apple Cider Vinegar & Ginger Shampoo & Conditioner- Anti-Dandruff Combo', 'Kay Beauty Gel Eye Pencil'})"
139,0.17073170731707318,"frozenset({'Kay Beauty HD Liquid Colour Corrector', 'Kay Beauty Hd Liquid Concealer'})"
140,0.17073170731707318,"frozenset({'Kay Beauty HD Liquid Colour Corrector', ""L'Oreal Paris Infallible Ultra Matte Liquid Les Macarons Lipstick""})"
141,0.1951219512195122,"frozenset({'Kay Beauty Hd Liquid Concealer', 'Kay Beauty HD Translucent Loose Powder - White'})"
142,0.17073170731707318,"frozenset({'Kay Beauty HD Translucent Loose Powder - White', 'Kay Beauty Illuminating Highlighter'})"
143,0.17073170731707318,"frozenset({'Kay Beauty Matte Compact', 'Kay Beauty HD Translucent Loose Powder - White'})"
144,0.2926829268292683,"frozenset({'Kay Beauty Hd Liquid Concealer', 'Kay Beauty Illuminating Highlighter'})"
145,0.2926829268292683,"frozenset({'Kay Beauty Matte Compact', 'Kay Beauty Hd Liquid Concealer'})"
146,0.1951219512195122,"frozenset({'Kay Beauty Ultra Black Volume & Length Mascara - Midnight', 'Kay Beauty Hd Liquid Concealer'})"
147,0.17073170731707318,"frozenset({'Kay Beauty Hd Liquid Concealer', 'Lakme 9to5 Primer + Matte Liquid Lip Color'})"
148,0.21951219512195122,"frozenset({'Lakme Absolute Kohl Ultimate The Gelato Collection', 'Kay Beauty Hd Liquid Concealer'})"
149,0.1951219512195122,"frozenset({'Kay Beauty Hd Liquid Concealer', 'Lakme Absolute Plush Matte Lip Crayon'})"
150,0.17073170731707318,"frozenset({'Kay Beauty Hd Liquid Concealer', 'Lakme Kajal - Black'})"
151,0.21951219512195122,"frozenset({'Kay Beauty Hd Liquid Concealer', 'Nykaa Matte to Last! Mini Metallic Liquid Lipstick and Eyeshadow'})"
152,0.17073170731707318,"frozenset({'Nykaa Naturals Apple Cider Vinegar & Ginger Shampoo & Conditioner- Anti-Dandruff Combo', 'Kay Beauty Hd Liquid Concealer'})"
153,0.21951219512195122,"frozenset({'Kay Beauty Hd Liquid Concealer', 'Nykaa SKINgenius Skin Perfecting & Hydrating Matte Powder Compact - Rose Beige 02'})"
154,0.2926829268292683,"frozenset({'Kay Beauty Matte Compact', 'Kay Beauty Illuminating Highlighter'})"
155,0.21951219512195122,"frozenset({'Kay Beauty Ultra Black Volume & Length Mascara - Midnight', 'Kay Beauty Illuminating Highlighter'})"
156,0.24390243902439024,"frozenset({'Lakme Absolute Kohl Ultimate The Gelato Collection', 'Kay Beauty Illuminating Highlighter'})"
157,0.1951219512195122,"frozenset({'Lakme Kajal - Black', 'Kay Beauty Illuminating Highlighter'})"
158,0.2682926829268293,"frozenset({'Nykaa Matte to Last! Mini Metallic Liquid Lipstick and Eyeshadow', 'Kay Beauty Illuminating Highlighter'})"
159,0.17073170731707318,"frozenset({'Nykaa Naturals Apple Cider Vinegar & Ginger Shampoo & Conditioner- Anti-Dandruff Combo', 'Kay Beauty Illuminating Highlighter'})"
160,0.24390243902439024,"frozenset({'Nykaa SKINgenius Skin Perfecting & Hydrating Matte Powder Compact - Rose Beige 02', 'Kay Beauty Illuminating Highlighter'})"
161,0.1951219512195122,"frozenset({'Kay Beauty Matte Drama Long Stay Lipstick', 'Kay Beauty Matte Compact'})"
162,0.2682926829268293,"frozenset({'Kay Beauty Ultra Black Volume & Length Mascara - Midnight', 'Kay Beauty Matte Compact'})"
163,0.21951219512195122,"frozenset({""L'Oreal Paris Infallible Pro-Spray & Set Makeup Extender"", 'Kay Beauty Matte Compact'})"
164,0.1951219512195122,"frozenset({'Kay Beauty Matte Compact', ""L'Oreal Paris Infallible Ultra Matte Liquid Les Macarons Lipstick""})"
165,0.1951219512195122,"frozenset({'Kay Beauty Matte Compact', 'Lakme 9 To 5 Matte Moist Mattifying Moisturiser'})"
166,0.1951219512195122,"frozenset({'Kay Beauty Matte Compact', 'Lakme 9to5 Primer + Matte Liquid Lip Color'})"
167,0.1951219512195122,"frozenset({'Lakme Absolute Argan Oil Serum Foundation With SPF 45', 'Kay Beauty Matte Compact'})"
168,0.2682926829268293,"frozenset({'Lakme Absolute Kohl Ultimate The Gelato Collection', 'Kay Beauty Matte Compact'})"
169,0.1951219512195122,"frozenset({'Kay Beauty Matte Compact', 'Lakme Absolute Plush Matte Lip Crayon'})"
170,0.2926829268292683,"frozenset({'Kay Beauty Matte Compact', 'Lakme Kajal - Black'})"
171,0.17073170731707318,"frozenset({'Kay Beauty Matte Compact', 'NYX Professional Makeup Born To Glow Liquid Illuminator'})"
172,0.17073170731707318,"frozenset({'Kay Beauty Matte Compact', 'NYX Professional Makeup Liquid Suede Cream Lipstick'})"
173,0.17073170731707318,"frozenset({'Kay Beauty Matte Compact', 'Nykaa Dual Tone Nail Enamel Remover'})"
174,0.1951219512195122,"frozenset({'Nykaa Get Winged! Sketch Eyeliner Pen - Black Swan 01', 'Kay Beauty Matte Compact'})"
175,0.17073170731707318,"frozenset({'Nykaa Matte to Last! Metallic Liquid Lipstick and Eyeshadow', 'Kay Beauty Matte Compact'})"
176,0.3170731707317073,"frozenset({'Kay Beauty Matte Compact', 'Nykaa Matte to Last! Mini Metallic Liquid Lipstick and Eyeshadow'})"
177,0.1951219512195122,"frozenset({'Nykaa Naturals Apple Cider Vinegar & Ginger Shampoo & Conditioner- Anti-Dandruff Combo', 'Kay Beauty Matte Compact'})"
178,0.24390243902439024,"frozenset({'Kay Beauty Matte Compact', 'Nykaa SKINgenius Skin Perfecting & Hydrating Matte Powder Compact - Rose Beige 02'})"
179,0.17073170731707318,"frozenset({'Kay Beauty Matte Drama Long Stay Lipstick', 'Nykaa SKINgenius Skin Perfecting & Hydrating Matte Powder Compact - Rose Beige 02'})"
180,0.17073170731707318,"frozenset({""L'Oreal Paris Infallible Pro-Spray & Set Makeup Extender"", 'Kay Beauty Ultra Black Volume & Length Mascara - Midnight'})"
181,0.17073170731707318,"frozenset({'Kay Beauty Ultra Black Volume & Length Mascara - Midnight', ""L'Oreal Paris Infallible Ultra Matte Liquid Les Macarons Lipstick""})"
182,0.3170731707317073,"frozenset({'Lakme Absolute Kohl Ultimate The Gelato Collection', 'Kay Beauty Ultra Black Volume & Length Mascara - Midnight'})"
183,0.17073170731707318,"frozenset({'Kay Beauty Ultra Black Volume & Length Mascara - Midnight', 'Lakme Absolute Plush Matte Lip Crayon'})"
184,0.17073170731707318,"frozenset({'Kay Beauty Ultra Black Volume & Length Mascara - Midnight', 'Lakme Kajal - Black'})"
185,0.17073170731707318,"frozenset({'Kay Beauty Ultra Black Volume & Length Mascara - Midnight', 'Maybelline New York Tattoo Studio Gel Eyeliner Pencil'})"
186,0.17073170731707318,"frozenset({'Kay Beauty Ultra Black Volume & Length Mascara - Midnight', 'Nykaa Matte to Last! Mini Metallic Liquid Lipstick and Eyeshadow'})"
187,0.1951219512195122,"frozenset({'Nykaa Naturals Apple Cider Vinegar & Ginger Shampoo & Conditioner- Anti-Dandruff Combo', 'Kay Beauty Ultra Black Volume & Length Mascara - Midnight'})"
188,0.17073170731707318,"frozenset({'Kay Beauty Ultra Black Volume & Length Mascara - Midnight', 'Nykaa SKINgenius Skin Perfecting & Hydrating Matte Powder Compact - Rose Beige 02'})"
189,0.17073170731707318,"frozenset({'Lakme Absolute Argan Oil Serum Foundation With SPF 45', ""L'Oreal Paris Infallible Pro-Spray & Set Makeup Extender""})"
190,0.1951219512195122,"frozenset({'Lakme Absolute Kohl Ultimate The Gelato Collection', ""L'Oreal Paris Infallible Pro-Spray & Set Makeup Extender""})"
191,0.17073170731707318,"frozenset({'Lakme Absolute Kohl Ultimate The Gelato Collection', ""L'Oreal Paris Infallible Ultra Matte Liquid Les Macarons Lipstick""})"
192,0.17073170731707318,"frozenset({'Nykaa Matte to Last! Mini Metallic Liquid Lipstick and Eyeshadow', 'Lakme 9to5 Primer + Matte Liquid Lip Color'})"
193,0.17073170731707318,"frozenset({'Lakme Absolute Argan Oil Serum Foundation With SPF 45', 'Lakme Absolute White Intense SPF 20 Concealer Stick'})"
194,0.17073170731707318,"frozenset({'Lakme Absolute Argan Oil Serum Foundation With SPF 45', 'Lakme Kajal - Black'})"
195,0.17073170731707318,"frozenset({'Lakme Absolute Argan Oil Serum Foundation With SPF 45', 'Maybelline New York Fashion Brow Duo Shaper'})"
196,0.17073170731707318,"frozenset({'Lakme Absolute Argan Oil Serum Foundation With SPF 45', 'NYX Professional Makeup Liquid Suede Cream Lipstick'})"
197,0.21951219512195122,"frozenset({'Lakme Absolute Kohl Ultimate The Gelato Collection', 'Lakme Absolute Plush Matte Lip Crayon'})"
198,0.17073170731707318,"frozenset({'Lakme Absolute Kohl Ultimate The Gelato Collection', 'Lakme Kajal - Black'})"
199,0.1951219512195122,"frozenset({'Lakme Absolute Kohl Ultimate The Gelato Collection', 'Maybelline New York Tattoo Studio Gel Eyeliner Pencil'})"
200,0.17073170731707318,"frozenset({'Nykaa Get Winged! Sketch Eyeliner Pen - Black Swan 01', 'Lakme Absolute Kohl Ultimate The Gelato Collection'})"
201,0.17073170731707318,"frozenset({'Lakme Absolute Kohl Ultimate The Gelato Collection', 'Nykaa Matte to Last! Metallic Liquid Lipstick and Eyeshadow'})"
202,0.2682926829268293,"frozenset({'Lakme Absolute Kohl Ultimate The Gelato Collection', 'Nykaa Matte to Last! Mini Metallic Liquid Lipstick and Eyeshadow'})"
203,0.17073170731707318,"frozenset({'Nykaa Naturals Apple Cider Vinegar & Ginger Shampoo & Conditioner- Anti-Dandruff Combo', 'Lakme Absolute Kohl Ultimate The Gelato Collection'})"
204,0.21951219512195122,"frozenset({'Lakme Absolute Kohl Ultimate The Gelato Collection', 'Nykaa SKINgenius Skin Perfecting & Hydrating Matte Powder Compact - Rose Beige 02'})"
205,0.1951219512195122,"frozenset({'Nykaa Matte to Last! Mini Metallic Liquid Lipstick and Eyeshadow', 'Lakme Absolute Plush Matte Lip Crayon'})"
206,0.17073170731707318,"frozenset({'Maybelline New York Fashion Brow Duo Shaper', 'Lakme Enrich Satin Lipstick'})"
207,0.17073170731707318,"frozenset({'Lakme Enrich Satin Lipstick', 'NYX Professional Makeup Liquid Suede Cream Lipstick'})"
208,0.17073170731707318,"frozenset({'Lakme Kajal - Black', 'NYX Professional Makeup Liquid Suede Cream Lipstick'})"
209,0.17073170731707318,"frozenset({'Nykaa Get Winged! Sketch Eyeliner Pen - Black Swan 01', 'Lakme Kajal - Black'})"
210,0.24390243902439024,"frozenset({'Lakme Kajal - Black', 'Nykaa Matte to Last! Mini Metallic Liquid Lipstick and Eyeshadow'})"
211,0.1951219512195122,"frozenset({'Maybelline New York Fashion Brow Duo Shaper', 'NYX Professional Makeup Liquid Suede Cream Lipstick'})"
212,0.17073170731707318,"frozenset({'Nykaa Matte to Last! Mini Metallic Liquid Lipstick and Eyeshadow', 'NYX Professional Makeup Born To Glow Liquid Illuminator'})"
213,0.17073170731707318,"frozenset({'Nykaa Get Winged! Sketch Eyeliner Pen - Black Swan 01', 'Nykaa Matte to Last! Mini Metallic Liquid Lipstick and Eyeshadow'})"
214,0.1951219512195122,"frozenset({'Nykaa Matte to Last! Metallic Liquid Lipstick and Eyeshadow', 'Nykaa Matte to Last! Mini Metallic Liquid Lipstick and Eyeshadow'})"
215,0.21951219512195122,"frozenset({'Nykaa Matte to Last! Mini Metallic Liquid Lipstick and Eyeshadow', 'Nykaa SKINgenius Skin Perfecting & Hydrating Matte Powder Compact - Rose Beige 02'})"
216,0.1951219512195122,"frozenset({'Nykaa Naturals Apple Cider Vinegar & Ginger Shampoo & Conditioner- Anti-Dandruff Combo', 'Nykaa SKINgenius Skin Perfecting & Hydrating Matte Powder Compact - Rose Beige 02'})"
217,0.17073170731707318,"frozenset({'Nykaa Naturals Apple Cider Vinegar & Ginger Shampoo & Conditioner- Anti-Dandruff Combo', 'Herbal Essences Argan Oil Shampoo & Conditioner For Frizz - No Parabens, No Colourants', 'Herbal Essences Aloe & Bamboo Shampoo + Conditioner For Soft Smooth Hair, No Sulphates & Paraben'})"
218,0.17073170731707318,"frozenset({'Herbal Essences Argan Oil Shampoo & Conditioner For Frizz - No Parabens, No Colourants', 'Herbal Essences Bio:Renew Hydrate Coconut Milk Conditioner', 'Herbal Essences Strawberry & Mint Shampoo - For Cleansing & Volume - Paraben Free'})"
219,0.17073170731707318,"frozenset({'Herbal Essences Coconut Milk Shampoo & Conditioner For Hydration & Softness - No Parabens, No Colourants', 'Herbal Essences Argan Oil Shampoo & Conditioner For Frizz - No Parabens, No Colourants', 'Herbal Essences Strawberry Shampoo & Conditioner For Volume - No Parabens, No Colourants'})"
220,0.1951219512195122,"frozenset({'Herbal Essences Argan Oil Shampoo & Conditioner For Frizz - No Parabens, No Colourants', 'Lakme Absolute Kohl Ultimate The Gelato Collection', 'Kay Beauty Ultra Black Volume & Length Mascara - Midnight'})"
221,0.17073170731707318,"frozenset({'Herbal Essences Argan Oil Shampoo & Conditioner For Frizz - No Parabens, No Colourants', 'Lakme Absolute Kohl Ultimate The Gelato Collection', 'Nykaa SKINgenius Skin Perfecting & Hydrating Matte Powder Compact - Rose Beige 02'})"
222,0.17073170731707318,"frozenset({'Kay Beauty Creme Blush', 'Kay Beauty Matte Compact', 'Kay Beauty Colour Correcting Primer'})"
223,0.17073170731707318,"frozenset({'Kay Beauty Creme Blush', 'Kay Beauty Ultra Black Volume & Length Mascara - Midnight', 'Kay Beauty Colour Correcting Primer'})"
224,0.17073170731707318,"frozenset({'Kay Beauty Gel Eye Pencil', 'Kay Beauty Eyeshadow Palette', 'Kay Beauty Colour Correcting Primer'})"
225,0.21951219512195122,"frozenset({'Kay Beauty Eyeshadow Palette', 'Kay Beauty Hd Liquid Concealer', 'Kay Beauty Colour Correcting Primer'})"
226,0.1951219512195122,"frozenset({'Kay Beauty Eyeshadow Palette', 'Kay Beauty Colour Correcting Primer', 'Kay Beauty Illuminating Highlighter'})"
227,0.1951219512195122,"frozenset({'Kay Beauty Matte Compact', 'Kay Beauty Eyeshadow Palette', 'Kay Beauty Colour Correcting Primer'})"
228,0.17073170731707318,"frozenset({'Kay Beauty Ultra Black Volume & Length Mascara - Midnight', 'Kay Beauty Eyeshadow Palette', 'Kay Beauty Colour Correcting Primer'})"
229,0.17073170731707318,"frozenset({'Lakme Absolute Kohl Ultimate The Gelato Collection', 'Kay Beauty Eyeshadow Palette', 'Kay Beauty Colour Correcting Primer'})"
230,0.21951219512195122,"frozenset({'Kay Beauty Eyeshadow Palette', 'Nykaa Matte to Last! Mini Metallic Liquid Lipstick and Eyeshadow', 'Kay Beauty Colour Correcting Primer'})"
231,0.21951219512195122,"frozenset({'Kay Beauty Hd Liquid Concealer', 'Kay Beauty Colour Correcting Primer', 'Kay Beauty Illuminating Highlighter'})"
232,0.1951219512195122,"frozenset({'Kay Beauty Matte Compact', 'Kay Beauty Hd Liquid Concealer', 'Kay Beauty Colour Correcting Primer'})"
233,0.1951219512195122,"frozenset({'Kay Beauty Hd Liquid Concealer', 'Nykaa Matte to Last! Mini Metallic Liquid Lipstick and Eyeshadow', 'Kay Beauty Colour Correcting Primer'})"
234,0.1951219512195122,"frozenset({'Kay Beauty Matte Compact', 'Kay Beauty Colour Correcting Primer', 'Kay Beauty Illuminating Highlighter'})"
235,0.1951219512195122,"frozenset({'Nykaa Matte to Last! Mini Metallic Liquid Lipstick and Eyeshadow', 'Kay Beauty Colour Correcting Primer', 'Kay Beauty Illuminating Highlighter'})"
236,0.17073170731707318,"frozenset({'Kay Beauty Ultra Black Volume & Length Mascara - Midnight', 'Kay Beauty Matte Compact', 'Kay Beauty Colour Correcting Primer'})"
237,0.1951219512195122,"frozenset({'Kay Beauty Matte Compact', 'Nykaa Matte to Last! Mini Metallic Liquid Lipstick and Eyeshadow', 'Kay Beauty Colour Correcting Primer'})"
238,0.17073170731707318,"frozenset({'Lakme Absolute Kohl Ultimate The Gelato Collection', 'Nykaa Matte to Last! Mini Metallic Liquid Lipstick and Eyeshadow', 'Kay Beauty Colour Correcting Primer'})"
239,0.17073170731707318,"frozenset({'Kay Beauty Eyeshadow Palette', 'Kay Beauty Hd Liquid Concealer', 'Kay Beauty Colour Corrector Stick'})"
240,0.17073170731707318,"frozenset({'Kay Beauty Eyeshadow Palette', 'Kay Beauty Colour Corrector Stick', 'Kay Beauty Illuminating Highlighter'})"
241,0.1951219512195122,"frozenset({'Kay Beauty Matte Compact', 'Kay Beauty Eyeshadow Palette', 'Kay Beauty Colour Corrector Stick'})"
242,0.17073170731707318,"frozenset({'Kay Beauty Ultra Black Volume & Length Mascara - Midnight', 'Kay Beauty Eyeshadow Palette', 'Kay Beauty Colour Corrector Stick'})"
243,0.1951219512195122,"frozenset({'Lakme Absolute Kohl Ultimate The Gelato Collection', 'Kay Beauty Eyeshadow Palette', 'Kay Beauty Colour Corrector Stick'})"
244,0.1951219512195122,"frozenset({'Kay Beauty Eyeshadow Palette', 'Lakme Kajal - Black', 'Kay Beauty Colour Corrector Stick'})"
245,0.17073170731707318,"frozenset({'Kay Beauty Eyeshadow Palette', 'Nykaa Matte to Last! Mini Metallic Liquid Lipstick and Eyeshadow', 'Kay Beauty Colour Corrector Stick'})"
246,0.17073170731707318,"frozenset({'Kay Beauty Hd Liquid Concealer', 'Kay Beauty Colour Corrector Stick', 'Kay Beauty Illuminating Highlighter'})"
247,0.17073170731707318,"frozenset({'Kay Beauty Ultra Black Volume & Length Mascara - Midnight', 'Kay Beauty Colour Corrector Stick', 'Kay Beauty Illuminating Highlighter'})"
248,0.17073170731707318,"frozenset({'Lakme Absolute Kohl Ultimate The Gelato Collection', 'Kay Beauty Colour Corrector Stick', 'Kay Beauty Illuminating Highlighter'})"
249,0.1951219512195122,"frozenset({'Kay Beauty Colour Corrector Stick', 'Nykaa SKINgenius Skin Perfecting & Hydrating Matte Powder Compact - Rose Beige 02', 'Kay Beauty Illuminating Highlighter'})"
250,0.17073170731707318,"frozenset({'Kay Beauty Ultra Black Volume & Length Mascara - Midnight', 'Kay Beauty Matte Compact', 'Kay Beauty Colour Corrector Stick'})"
251,0.21951219512195122,"frozenset({'Lakme Absolute Kohl Ultimate The Gelato Collection', 'Kay Beauty Ultra Black Volume & Length Mascara - Midnight', 'Kay Beauty Colour Corrector Stick'})"
252,0.1951219512195122,"frozenset({'Kay Beauty Gel Eye Pencil', 'Kay Beauty Creme Blush', 'Kay Beauty Eyeshadow Palette'})"
253,0.17073170731707318,"frozenset({'Kay Beauty Eyeshadow Palette', 'Kay Beauty Creme Blush', 'Kay Beauty Hd Liquid Concealer'})"
254,0.21951219512195122,"frozenset({'Kay Beauty Creme Blush', 'Kay Beauty Matte Compact', 'Kay Beauty Eyeshadow Palette'})"
255,0.17073170731707318,"frozenset({'Kay Beauty Creme Blush', 'Kay Beauty Ultra Black Volume & Length Mascara - Midnight', 'Kay Beauty Eyeshadow Palette'})"
256,0.17073170731707318,"frozenset({'Kay Beauty Creme Blush', 'Kay Beauty Eyeshadow Palette', 'Lakme 9to5 Primer + Matte Liquid Lip Color'})"
257,0.17073170731707318,"frozenset({'Lakme Absolute Kohl Ultimate The Gelato Collection', 'Kay Beauty Creme Blush', 'Kay Beauty Eyeshadow Palette'})"
258,0.17073170731707318,"frozenset({'Kay Beauty Gel Eye Pencil', 'Kay Beauty Creme Blush', 'Kay Beauty Hd Liquid Concealer'})"
259,0.1951219512195122,"frozenset({'Kay Beauty Creme Blush', 'Kay Beauty Gel Eye Pencil', 'Kay Beauty Matte Compact'})"
260,0.17073170731707318,"frozenset({'Kay Beauty Creme Blush', 'Kay Beauty Gel Eye Pencil', 'Kay Beauty Ultra Black Volume & Length Mascara - Midnight'})"
261,0.1951219512195122,"frozenset({'Kay Beauty Creme Blush', 'Kay Beauty Matte Compact', 'Kay Beauty Hd Liquid Concealer'})"
262,0.1951219512195122,"frozenset({'Kay Beauty Creme Blush', 'Kay Beauty Ultra Black Volume & Length Mascara - Midnight', 'Kay Beauty Matte Compact'})"
263,0.17073170731707318,"frozenset({'Kay Beauty Creme Blush', ""L'Oreal Paris Infallible Pro-Spray & Set Makeup Extender"", 'Kay Beauty Matte Compact'})"
264,0.1951219512195122,"frozenset({'Kay Beauty Creme Blush', 'Kay Beauty Matte Compact', ""L'Oreal Paris Infallible Ultra Matte Liquid Les Macarons Lipstick""})"
265,0.17073170731707318,"frozenset({'Kay Beauty Creme Blush', 'Kay Beauty Matte Compact', 'Lakme 9to5 Primer + Matte Liquid Lip Color'})"
266,0.17073170731707318,"frozenset({'Kay Beauty Creme Blush', 'Lakme Absolute Kohl Ultimate The Gelato Collection', 'Kay Beauty Matte Compact'})"
267,0.17073170731707318,"frozenset({'Kay Beauty Creme Blush', 'Kay Beauty Matte Compact', 'Lakme Kajal - Black'})"
268,0.17073170731707318,"frozenset({'Kay Beauty Creme Blush', 'Kay Beauty Matte Compact', 'Nykaa SKINgenius Skin Perfecting & Hydrating Matte Powder Compact - Rose Beige 02'})"
269,0.1951219512195122,"frozenset({'Kay Beauty Gel Eye Pencil', 'Kay Beauty Eyeshadow Palette', 'Kay Beauty Hd Liquid Concealer'})"
270,0.1951219512195122,"frozenset({'Kay Beauty Gel Eye Pencil', 'Kay Beauty Matte Compact', 'Kay Beauty Eyeshadow Palette'})"
271,0.17073170731707318,"frozenset({'Kay Beauty Gel Eye Pencil', 'Kay Beauty Ultra Black Volume & Length Mascara - Midnight', 'Kay Beauty Eyeshadow Palette'})"
272,0.17073170731707318,"frozenset({'Kay Beauty Gel Eye Pencil', 'Kay Beauty Eyeshadow Palette', 'Lakme 9to5 Primer + Matte Liquid Lip Color'})"
273,0.17073170731707318,"frozenset({'Nykaa Naturals Apple Cider Vinegar & Ginger Shampoo & Conditioner- Anti-Dandruff Combo', 'Kay Beauty Gel Eye Pencil', 'Kay Beauty Eyeshadow Palette'})"
274,0.17073170731707318,"frozenset({'Kay Beauty Hd Liquid Concealer', 'Kay Beauty HD Translucent Loose Powder - White', 'Kay Beauty Eyeshadow Palette'})"
275,0.2682926829268293,"frozenset({'Kay Beauty Eyeshadow Palette', 'Kay Beauty Hd Liquid Concealer', 'Kay Beauty Illuminating Highlighter'})"
276,0.2682926829268293,"frozenset({'Kay Beauty Eyeshadow Palette', 'Kay Beauty Matte Compact', 'Kay Beauty Hd Liquid Concealer'})"
277,0.1951219512195122,"frozenset({'Kay Beauty Eyeshadow Palette', 'Kay Beauty Ultra Black Volume & Length Mascara - Midnight', 'Kay Beauty Hd Liquid Concealer'})"
278,0.17073170731707318,"frozenset({'Kay Beauty Eyeshadow Palette', 'Kay Beauty Hd Liquid Concealer', 'Lakme 9to5 Primer + Matte Liquid Lip Color'})"
279,0.21951219512195122,"frozenset({'Lakme Absolute Kohl Ultimate The Gelato Collection', 'Kay Beauty Hd Liquid Concealer', 'Kay Beauty Eyeshadow Palette'})"
280,0.1951219512195122,"frozenset({'Kay Beauty Eyeshadow Palette', 'Kay Beauty Hd Liquid Concealer', 'Lakme Absolute Plush Matte Lip Crayon'})"
281,0.21951219512195122,"frozenset({'Kay Beauty Hd Liquid Concealer', 'Nykaa Matte to Last! Mini Metallic Liquid Lipstick and Eyeshadow', 'Kay Beauty Eyeshadow Palette'})"
282,0.17073170731707318,"frozenset({'Nykaa Naturals Apple Cider Vinegar & Ginger Shampoo & Conditioner- Anti-Dandruff Combo', 'Kay Beauty Eyeshadow Palette', 'Kay Beauty Hd Liquid Concealer'})"
283,0.21951219512195122,"frozenset({'Kay Beauty Eyeshadow Palette', 'Kay Beauty Hd Liquid Concealer', 'Nykaa SKINgenius Skin Perfecting & Hydrating Matte Powder Compact - Rose Beige 02'})"
284,0.24390243902439024,"frozenset({'Kay Beauty Matte Compact', 'Kay Beauty Eyeshadow Palette', 'Kay Beauty Illuminating Highlighter'})"
285,0.17073170731707318,"frozenset({'Kay Beauty Ultra Black Volume & Length Mascara - Midnight', 'Kay Beauty Eyeshadow Palette', 'Kay Beauty Illuminating Highlighter'})"
286,0.1951219512195122,"frozenset({'Lakme Absolute Kohl Ultimate The Gelato Collection', 'Kay Beauty Eyeshadow Palette', 'Kay Beauty Illuminating Highlighter'})"
287,0.21951219512195122,"frozenset({'Kay Beauty Eyeshadow Palette', 'Nykaa Matte to Last! Mini Metallic Liquid Lipstick and Eyeshadow', 'Kay Beauty Illuminating Highlighter'})"
288,0.1951219512195122,"frozenset({'Kay Beauty Eyeshadow Palette', 'Nykaa SKINgenius Skin Perfecting & Hydrating Matte Powder Compact - Rose Beige 02', 'Kay Beauty Illuminating Highlighter'})"
289,0.17073170731707318,"frozenset({'Kay Beauty Matte Drama Long Stay Lipstick', 'Kay Beauty Matte Compact', 'Kay Beauty Eyeshadow Palette'})"
290,0.24390243902439024,"frozenset({'Kay Beauty Ultra Black Volume & Length Mascara - Midnight', 'Kay Beauty Matte Compact', 'Kay Beauty Eyeshadow Palette'})"
291,0.17073170731707318,"frozenset({'Kay Beauty Matte Compact', 'Kay Beauty Eyeshadow Palette', 'Lakme 9 To 5 Matte Moist Mattifying Moisturiser'})"
292,0.1951219512195122,"frozenset({'Kay Beauty Matte Compact', 'Kay Beauty Eyeshadow Palette', 'Lakme 9to5 Primer + Matte Liquid Lip Color'})"
293,0.2682926829268293,"frozenset({'Lakme Absolute Kohl Ultimate The Gelato Collection', 'Kay Beauty Matte Compact', 'Kay Beauty Eyeshadow Palette'})"
294,0.1951219512195122,"frozenset({'Kay Beauty Matte Compact', 'Kay Beauty Eyeshadow Palette', 'Lakme Absolute Plush Matte Lip Crayon'})"
295,0.24390243902439024,"frozenset({'Kay Beauty Eyeshadow Palette', 'Kay Beauty Matte Compact', 'Lakme Kajal - Black'})"
296,0.17073170731707318,"frozenset({'Nykaa Get Winged! Sketch Eyeliner Pen - Black Swan 01', 'Kay Beauty Matte Compact', 'Kay Beauty Eyeshadow Palette'})"
297,0.2926829268292683,"frozenset({'Kay Beauty Eyeshadow Palette', 'Kay Beauty Matte Compact', 'Nykaa Matte to Last! Mini Metallic Liquid Lipstick and Eyeshadow'})"
298,0.1951219512195122,"frozenset({'Nykaa Naturals Apple Cider Vinegar & Ginger Shampoo & Conditioner- Anti-Dandruff Combo', 'Kay Beauty Matte Compact', 'Kay Beauty Eyeshadow Palette'})"
299,0.21951219512195122,"frozenset({'Kay Beauty Matte Compact', 'Kay Beauty Eyeshadow Palette', 'Nykaa SKINgenius Skin Perfecting & Hydrating Matte Powder Compact - Rose Beige 02'})"
300,0.21951219512195122,"frozenset({'Lakme Absolute Kohl Ultimate The Gelato Collection', 'Kay Beauty Ultra Black Volume & Length Mascara - Midnight', 'Kay Beauty Eyeshadow Palette'})"
301,0.17073170731707318,"frozenset({'Kay Beauty Eyeshadow Palette', 'Nykaa Matte to Last! Mini Metallic Liquid Lipstick and Eyeshadow', 'Lakme 9to5 Primer + Matte Liquid Lip Color'})"
302,0.1951219512195122,"frozenset({'Lakme Absolute Kohl Ultimate The Gelato Collection', 'Kay Beauty Eyeshadow Palette', 'Lakme Absolute Plush Matte Lip Crayon'})"
303,0.17073170731707318,"frozenset({'Lakme Absolute Kohl Ultimate The Gelato Collection', 'Lakme Kajal - Black', 'Kay Beauty Eyeshadow Palette'})"
304,0.17073170731707318,"frozenset({'Nykaa Get Winged! Sketch Eyeliner Pen - Black Swan 01', 'Lakme Absolute Kohl Ultimate The Gelato Collection', 'Kay Beauty Eyeshadow Palette'})"
305,0.24390243902439024,"frozenset({'Lakme Absolute Kohl Ultimate The Gelato Collection', 'Nykaa Matte to Last! Mini Metallic Liquid Lipstick and Eyeshadow', 'Kay Beauty Eyeshadow Palette'})"
306,0.17073170731707318,"frozenset({'Lakme Absolute Kohl Ultimate The Gelato Collection', 'Kay Beauty Eyeshadow Palette', 'Nykaa SKINgenius Skin Perfecting & Hydrating Matte Powder Compact - Rose Beige 02'})"
307,0.17073170731707318,"frozenset({'Kay Beauty Eyeshadow Palette', 'Nykaa Matte to Last! Mini Metallic Liquid Lipstick and Eyeshadow', 'Lakme Absolute Plush Matte Lip Crayon'})"
308,0.17073170731707318,"frozenset({'Nykaa Get Winged! Sketch Eyeliner Pen - Black Swan 01', 'Kay Beauty Eyeshadow Palette', 'Lakme Kajal - Black'})"
309,0.21951219512195122,"frozenset({'Lakme Kajal - Black', 'Kay Beauty Eyeshadow Palette', 'Nykaa Matte to Last! Mini Metallic Liquid Lipstick and Eyeshadow'})"
310,0.1951219512195122,"frozenset({'Kay Beauty Eyeshadow Palette', 'Nykaa Matte to Last! Mini Metallic Liquid Lipstick and Eyeshadow', 'Nykaa SKINgenius Skin Perfecting & Hydrating Matte Powder Compact - Rose Beige 02'})"
311,0.17073170731707318,"frozenset({'Nykaa Naturals Apple Cider Vinegar & Ginger Shampoo & Conditioner- Anti-Dandruff Combo', 'Kay Beauty Eyeshadow Palette', 'Nykaa SKINgenius Skin Perfecting & Hydrating Matte Powder Compact - Rose Beige 02'})"
312,0.17073170731707318,"frozenset({'Kay Beauty Gel Eye Pencil', 'Kay Beauty Matte Compact', 'Kay Beauty Hd Liquid Concealer'})"
313,0.17073170731707318,"frozenset({'Kay Beauty Gel Eye Pencil', 'Kay Beauty Hd Liquid Concealer', 'Lakme 9to5 Primer + Matte Liquid Lip Color'})"
314,0.17073170731707318,"frozenset({'Nykaa Naturals Apple Cider Vinegar & Ginger Shampoo & Conditioner- Anti-Dandruff Combo', 'Kay Beauty Gel Eye Pencil', 'Kay Beauty Hd Liquid Concealer'})"
315,0.17073170731707318,"frozenset({'Kay Beauty Gel Eye Pencil', 'Kay Beauty Ultra Black Volume & Length Mascara - Midnight', 'Kay Beauty Matte Compact'})"
316,0.17073170731707318,"frozenset({'Kay Beauty Hd Liquid Concealer', 'Kay Beauty HD Translucent Loose Powder - White', 'Kay Beauty Illuminating Highlighter'})"
317,0.24390243902439024,"frozenset({'Kay Beauty Matte Compact', 'Kay Beauty Hd Liquid Concealer', 'Kay Beauty Illuminating Highlighter'})"
318,0.17073170731707318,"frozenset({'Kay Beauty Ultra Black Volume & Length Mascara - Midnight', 'Kay Beauty Hd Liquid Concealer', 'Kay Beauty Illuminating Highlighter'})"
319,0.1951219512195122,"frozenset({'Lakme Absolute Kohl Ultimate The Gelato Collection', 'Kay Beauty Hd Liquid Concealer', 'Kay Beauty Illuminating Highlighter'})"
320,0.1951219512195122,"frozenset({'Kay Beauty Hd Liquid Concealer', 'Nykaa Matte to Last! Mini Metallic Liquid Lipstick and Eyeshadow', 'Kay Beauty Illuminating Highlighter'})"
321,0.1951219512195122,"frozenset({'Kay Beauty Hd Liquid Concealer', 'Nykaa SKINgenius Skin Perfecting & Hydrating Matte Powder Compact - Rose Beige 02', 'Kay Beauty Illuminating Highlighter'})"
322,0.1951219512195122,"frozenset({'Kay Beauty Ultra Black Volume & Length Mascara - Midnight', 'Kay Beauty Matte Compact', 'Kay Beauty Hd Liquid Concealer'})"
323,0.1951219512195122,"frozenset({'Lakme Absolute Kohl Ultimate The Gelato Collection', 'Kay Beauty Matte Compact', 'Kay Beauty Hd Liquid Concealer'})"
324,0.17073170731707318,"frozenset({'Kay Beauty Matte Compact', 'Kay Beauty Hd Liquid Concealer', 'Lakme Absolute Plush Matte Lip Crayon'})"
325,0.17073170731707318,"frozenset({'Kay Beauty Hd Liquid Concealer', 'Kay Beauty Matte Compact', 'Nykaa Matte to Last! Mini Metallic Liquid Lipstick and Eyeshadow'})"
326,0.17073170731707318,"frozenset({'Kay Beauty Matte Compact', 'Kay Beauty Hd Liquid Concealer', 'Nykaa SKINgenius Skin Perfecting & Hydrating Matte Powder Compact - Rose Beige 02'})"
327,0.17073170731707318,"frozenset({'Lakme Absolute Kohl Ultimate The Gelato Collection', 'Kay Beauty Ultra Black Volume & Length Mascara - Midnight', 'Kay Beauty Hd Liquid Concealer'})"
328,0.17073170731707318,"frozenset({'Lakme Absolute Kohl Ultimate The Gelato Collection', 'Kay Beauty Hd Liquid Concealer', 'Lakme Absolute Plush Matte Lip Crayon'})"
329,0.17073170731707318,"frozenset({'Lakme Absolute Kohl Ultimate The Gelato Collection', 'Kay Beauty Hd Liquid Concealer', 'Nykaa Matte to Last! Mini Metallic Liquid Lipstick and Eyeshadow'})"
330,0.17073170731707318,"frozenset({'Kay Beauty Ultra Black Volume & Length Mascara - Midnight', 'Kay Beauty Matte Compact', 'Kay Beauty Illuminating Highlighter'})"
331,0.17073170731707318,"frozenset({'Lakme Absolute Kohl Ultimate The Gelato Collection', 'Kay Beauty Matte Compact', 'Kay Beauty Illuminating Highlighter'})"
332,0.1951219512195122,"frozenset({'Kay Beauty Matte Compact', 'Nykaa Matte to Last! Mini Metallic Liquid Lipstick and Eyeshadow', 'Kay Beauty Illuminating Highlighter'})"
333,0.1951219512195122,"frozenset({'Lakme Absolute Kohl Ultimate The Gelato Collection', 'Kay Beauty Ultra Black Volume & Length Mascara - Midnight', 'Kay Beauty Illuminating Highlighter'})"
334,0.17073170731707318,"frozenset({'Lakme Absolute Kohl Ultimate The Gelato Collection', 'Nykaa Matte to Last! Mini Metallic Liquid Lipstick and Eyeshadow', 'Kay Beauty Illuminating Highlighter'})"
335,0.17073170731707318,"frozenset({'Lakme Absolute Kohl Ultimate The Gelato Collection', 'Nykaa SKINgenius Skin Perfecting & Hydrating Matte Powder Compact - Rose Beige 02', 'Kay Beauty Illuminating Highlighter'})"
336,0.17073170731707318,"frozenset({'Nykaa Matte to Last! Mini Metallic Liquid Lipstick and Eyeshadow', 'Nykaa SKINgenius Skin Perfecting & Hydrating Matte Powder Compact - Rose Beige 02', 'Kay Beauty Illuminating Highlighter'})"
337,0.21951219512195122,"frozenset({'Kay Beauty Ultra Black Volume & Length Mascara - Midnight', 'Lakme Absolute Kohl Ultimate The Gelato Collection', 'Kay Beauty Matte Compact'})"
338,0.17073170731707318,"frozenset({'Kay Beauty Ultra Black Volume & Length Mascara - Midnight', 'Kay Beauty Matte Compact', 'Lakme Kajal - Black'})"
339,0.17073170731707318,"frozenset({'Lakme Absolute Kohl Ultimate The Gelato Collection', 'Kay Beauty Matte Compact', 'Lakme Absolute Plush Matte Lip Crayon'})"
340,0.1951219512195122,"frozenset({'Lakme Absolute Kohl Ultimate The Gelato Collection', 'Kay Beauty Matte Compact', 'Nykaa Matte to Last! Mini Metallic Liquid Lipstick and Eyeshadow'})"
341,0.17073170731707318,"frozenset({'Lakme Kajal - Black', 'Kay Beauty Matte Compact', 'Nykaa Matte to Last! Mini Metallic Liquid Lipstick and Eyeshadow'})"
342,0.17073170731707318,"frozenset({'Lakme Absolute Kohl Ultimate The Gelato Collection', 'Kay Beauty Ultra Black Volume & Length Mascara - Midnight', 'Lakme Absolute Plush Matte Lip Crayon'})"
343,0.17073170731707318,"frozenset({'Lakme Absolute Kohl Ultimate The Gelato Collection', 'Kay Beauty Ultra Black Volume & Length Mascara - Midnight', 'Nykaa Matte to Last! Mini Metallic Liquid Lipstick and Eyeshadow'})"
344,0.17073170731707318,"frozenset({'Lakme Absolute Kohl Ultimate The Gelato Collection', 'Kay Beauty Ultra Black Volume & Length Mascara - Midnight', 'Nykaa SKINgenius Skin Perfecting & Hydrating Matte Powder Compact - Rose Beige 02'})"
345,0.17073170731707318,"frozenset({'Lakme Absolute Kohl Ultimate The Gelato Collection', 'Nykaa Matte to Last! Mini Metallic Liquid Lipstick and Eyeshadow', 'Lakme Absolute Plush Matte Lip Crayon'})"
346,0.1951219512195122,"frozenset({'Kay Beauty Eyeshadow Palette', 'Kay Beauty Hd Liquid Concealer', 'Kay Beauty Colour Correcting Primer', 'Kay Beauty Illuminating Highlighter'})"
347,0.17073170731707318,"frozenset({'Kay Beauty Eyeshadow Palette', 'Kay Beauty Matte Compact', 'Kay Beauty Hd Liquid Concealer', 'Kay Beauty Colour Correcting Primer'})"
348,0.1951219512195122,"frozenset({'Kay Beauty Eyeshadow Palette', 'Kay Beauty Hd Liquid Concealer', 'Nykaa Matte to Last! Mini Metallic Liquid Lipstick and Eyeshadow', 'Kay Beauty Colour Correcting Primer'})"
349,0.17073170731707318,"frozenset({'Kay Beauty Eyeshadow Palette', 'Nykaa Matte to Last! Mini Metallic Liquid Lipstick and Eyeshadow', 'Kay Beauty Colour Correcting Primer', 'Kay Beauty Illuminating Highlighter'})"
350,0.17073170731707318,"frozenset({'Kay Beauty Ultra Black Volume & Length Mascara - Midnight', 'Kay Beauty Matte Compact', 'Kay Beauty Eyeshadow Palette', 'Kay Beauty Colour Correcting Primer'})"
351,0.17073170731707318,"frozenset({'Kay Beauty Eyeshadow Palette', 'Kay Beauty Matte Compact', 'Nykaa Matte to Last! Mini Metallic Liquid Lipstick and Eyeshadow', 'Kay Beauty Colour Correcting Primer'})"
352,0.17073170731707318,"frozenset({'Kay Beauty Eyeshadow Palette', 'Lakme Absolute Kohl Ultimate The Gelato Collection', 'Nykaa Matte to Last! Mini Metallic Liquid Lipstick and Eyeshadow', 'Kay Beauty Colour Correcting Primer'})"
353,0.17073170731707318,"frozenset({'Kay Beauty Matte Compact', 'Kay Beauty Hd Liquid Concealer', 'Kay Beauty Colour Correcting Primer', 'Kay Beauty Illuminating Highlighter'})"
354,0.17073170731707318,"frozenset({'Kay Beauty Hd Liquid Concealer', 'Nykaa Matte to Last! Mini Metallic Liquid Lipstick and Eyeshadow', 'Kay Beauty Colour Correcting Primer', 'Kay Beauty Illuminating Highlighter'})"
355,0.17073170731707318,"frozenset({'Kay Beauty Eyeshadow Palette', 'Kay Beauty Hd Liquid Concealer', 'Kay Beauty Colour Corrector Stick', 'Kay Beauty Illuminating Highlighter'})"
356,0.17073170731707318,"frozenset({'Kay Beauty Ultra Black Volume & Length Mascara - Midnight', 'Kay Beauty Matte Compact', 'Kay Beauty Eyeshadow Palette', 'Kay Beauty Colour Corrector Stick'})"
357,0.17073170731707318,"frozenset({'Kay Beauty Gel Eye Pencil', 'Kay Beauty Eyeshadow Palette', 'Kay Beauty Creme Blush', 'Kay Beauty Hd Liquid Concealer'})"
358,0.1951219512195122,"frozenset({'Kay Beauty Creme Blush', 'Kay Beauty Gel Eye Pencil', 'Kay Beauty Matte Compact', 'Kay Beauty Eyeshadow Palette'})"
359,0.17073170731707318,"frozenset({'Kay Beauty Creme Blush', 'Kay Beauty Gel Eye Pencil', 'Kay Beauty Ultra Black Volume & Length Mascara - Midnight', 'Kay Beauty Eyeshadow Palette'})"
360,0.17073170731707318,"frozenset({'Kay Beauty Creme Blush', 'Kay Beauty Eyeshadow Palette', 'Kay Beauty Matte Compact', 'Kay Beauty Hd Liquid Concealer'})"
361,0.17073170731707318,"frozenset({'Kay Beauty Creme Blush', 'Kay Beauty Ultra Black Volume & Length Mascara - Midnight', 'Kay Beauty Matte Compact', 'Kay Beauty Eyeshadow Palette'})"
362,0.17073170731707318,"frozenset({'Kay Beauty Creme Blush', 'Kay Beauty Matte Compact', 'Kay Beauty Eyeshadow Palette', 'Lakme 9to5 Primer + Matte Liquid Lip Color'})"
363,0.17073170731707318,"frozenset({'Kay Beauty Creme Blush', 'Lakme Absolute Kohl Ultimate The Gelato Collection', 'Kay Beauty Matte Compact', 'Kay Beauty Eyeshadow Palette'})"
364,0.17073170731707318,"frozenset({'Kay Beauty Creme Blush', 'Kay Beauty Gel Eye Pencil', 'Kay Beauty Matte Compact', 'Kay Beauty Hd Liquid Concealer'})"
365,0.17073170731707318,"frozenset({'Kay Beauty Creme Blush', 'Kay Beauty Gel Eye Pencil', 'Kay Beauty Ultra Black Volume & Length Mascara - Midnight', 'Kay Beauty Matte Compact'})"
366,0.17073170731707318,"frozenset({'Kay Beauty Gel Eye Pencil', 'Kay Beauty Eyeshadow Palette', 'Kay Beauty Matte Compact', 'Kay Beauty Hd Liquid Concealer'})"
367,0.17073170731707318,"frozenset({'Kay Beauty Gel Eye Pencil', 'Kay Beauty Eyeshadow Palette', 'Kay Beauty Hd Liquid Concealer', 'Lakme 9to5 Primer + Matte Liquid Lip Color'})"
368,0.17073170731707318,"frozenset({'Nykaa Naturals Apple Cider Vinegar & Ginger Shampoo & Conditioner- Anti-Dandruff Combo', 'Kay Beauty Gel Eye Pencil', 'Kay Beauty Eyeshadow Palette', 'Kay Beauty Hd Liquid Concealer'})"
369,0.17073170731707318,"frozenset({'Kay Beauty Gel Eye Pencil', 'Kay Beauty Ultra Black Volume & Length Mascara - Midnight', 'Kay Beauty Matte Compact', 'Kay Beauty Eyeshadow Palette'})"
370,0.21951219512195122,"frozenset({'Kay Beauty Eyeshadow Palette', 'Kay Beauty Matte Compact', 'Kay Beauty Hd Liquid Concealer', 'Kay Beauty Illuminating Highlighter'})"
371,0.17073170731707318,"frozenset({'Kay Beauty Eyeshadow Palette', 'Kay Beauty Ultra Black Volume & Length Mascara - Midnight', 'Kay Beauty Hd Liquid Concealer', 'Kay Beauty Illuminating Highlighter'})"
372,0.1951219512195122,"frozenset({'Lakme Absolute Kohl Ultimate The Gelato Collection', 'Kay Beauty Hd Liquid Concealer', 'Kay Beauty Eyeshadow Palette', 'Kay Beauty Illuminating Highlighter'})"
373,0.1951219512195122,"frozenset({'Kay Beauty Hd Liquid Concealer', 'Nykaa Matte to Last! Mini Metallic Liquid Lipstick and Eyeshadow', 'Kay Beauty Eyeshadow Palette', 'Kay Beauty Illuminating Highlighter'})"
374,0.1951219512195122,"frozenset({'Kay Beauty Eyeshadow Palette', 'Kay Beauty Hd Liquid Concealer', 'Nykaa SKINgenius Skin Perfecting & Hydrating Matte Powder Compact - Rose Beige 02', 'Kay Beauty Illuminating Highlighter'})"
375,0.1951219512195122,"frozenset({'Kay Beauty Ultra Black Volume & Length Mascara - Midnight', 'Kay Beauty Matte Compact', 'Kay Beauty Hd Liquid Concealer', 'Kay Beauty Eyeshadow Palette'})"
376,0.1951219512195122,"frozenset({'Lakme Absolute Kohl Ultimate The Gelato Collection', 'Kay Beauty Matte Compact', 'Kay Beauty Hd Liquid Concealer', 'Kay Beauty Eyeshadow Palette'})"
377,0.17073170731707318,"frozenset({'Kay Beauty Eyeshadow Palette', 'Kay Beauty Matte Compact', 'Kay Beauty Hd Liquid Concealer', 'Lakme Absolute Plush Matte Lip Crayon'})"
378,0.17073170731707318,"frozenset({'Kay Beauty Hd Liquid Concealer', 'Kay Beauty Matte Compact', 'Nykaa Matte to Last! Mini Metallic Liquid Lipstick and Eyeshadow', 'Kay Beauty Eyeshadow Palette'})"
379,0.17073170731707318,"frozenset({'Kay Beauty Eyeshadow Palette', 'Kay Beauty Matte Compact', 'Kay Beauty Hd Liquid Concealer', 'Nykaa SKINgenius Skin Perfecting & Hydrating Matte Powder Compact - Rose Beige 02'})"
380,0.17073170731707318,"frozenset({'Lakme Absolute Kohl Ultimate The Gelato Collection', 'Kay Beauty Ultra Black Volume & Length Mascara - Midnight', 'Kay Beauty Hd Liquid Concealer', 'Kay Beauty Eyeshadow Palette'})"
381,0.17073170731707318,"frozenset({'Lakme Absolute Kohl Ultimate The Gelato Collection', 'Kay Beauty Hd Liquid Concealer', 'Lakme Absolute Plush Matte Lip Crayon', 'Kay Beauty Eyeshadow Palette'})"
382,0.17073170731707318,"frozenset({'Lakme Absolute Kohl Ultimate The Gelato Collection', 'Kay Beauty Hd Liquid Concealer', 'Nykaa Matte to Last! Mini Metallic Liquid Lipstick and Eyeshadow', 'Kay Beauty Eyeshadow Palette'})"
383,0.17073170731707318,"frozenset({'Kay Beauty Ultra Black Volume & Length Mascara - Midnight', 'Kay Beauty Matte Compact', 'Kay Beauty Eyeshadow Palette', 'Kay Beauty Illuminating Highlighter'})"
384,0.17073170731707318,"frozenset({'Lakme Absolute Kohl Ultimate The Gelato Collection', 'Kay Beauty Matte Compact', 'Kay Beauty Eyeshadow Palette', 'Kay Beauty Illuminating Highlighter'})"
385,0.17073170731707318,"frozenset({'Kay Beauty Eyeshadow Palette', 'Kay Beauty Matte Compact', 'Nykaa Matte to Last! Mini Metallic Liquid Lipstick and Eyeshadow', 'Kay Beauty Illuminating Highlighter'})"
386,0.21951219512195122,"frozenset({'Kay Beauty Ultra Black Volume & Length Mascara - Midnight', 'Lakme Absolute Kohl Ultimate The Gelato Collection', 'Kay Beauty Matte Compact', 'Kay Beauty Eyeshadow Palette'})"
387,0.17073170731707318,"frozenset({'Lakme Absolute Kohl Ultimate The Gelato Collection', 'Kay Beauty Matte Compact', 'Kay Beauty Eyeshadow Palette', 'Lakme Absolute Plush Matte Lip Crayon'})"
388,0.1951219512195122,"frozenset({'Lakme Absolute Kohl Ultimate The Gelato Collection', 'Kay Beauty Matte Compact', 'Nykaa Matte to Last! Mini Metallic Liquid Lipstick and Eyeshadow', 'Kay Beauty Eyeshadow Palette'})"
389,0.17073170731707318,"frozenset({'Lakme Kajal - Black', 'Kay Beauty Eyeshadow Palette', 'Kay Beauty Matte Compact', 'Nykaa Matte to Last! Mini Metallic Liquid Lipstick and Eyeshadow'})"
390,0.17073170731707318,"frozenset({'Lakme Absolute Kohl Ultimate The Gelato Collection', 'Nykaa Matte to Last! Mini Metallic Liquid Lipstick and Eyeshadow', 'Lakme Absolute Plush Matte Lip Crayon', 'Kay Beauty Eyeshadow Palette'})"
391,0.17073170731707318,"frozenset({'Kay Beauty Hd Liquid Concealer', 'Kay Beauty Ultra Black Volume & Length Mascara - Midnight', 'Kay Beauty Matte Compact', 'Kay Beauty Illuminating Highlighter'})"
392,0.17073170731707318,"frozenset({'Lakme Absolute Kohl Ultimate The Gelato Collection', 'Kay Beauty Matte Compact', 'Kay Beauty Hd Liquid Concealer', 'Kay Beauty Illuminating Highlighter'})"
393,0.17073170731707318,"frozenset({'Kay Beauty Ultra Black Volume & Length Mascara - Midnight', 'Lakme Absolute Kohl Ultimate The Gelato Collection', 'Kay Beauty Matte Compact', 'Kay Beauty Hd Liquid Concealer'})"
394,0.17073170731707318,"frozenset({'Kay Beauty Colour Correcting Primer', 'Kay Beauty Hd Liquid Concealer', 'Nykaa Matte to Last! Mini Metallic Liquid Lipstick and Eyeshadow', 'Kay Beauty Eyeshadow Palette', 'Kay Beauty Illuminating Highlighter'})"
395,0.17073170731707318,"frozenset({'Kay Beauty Creme Blush', 'Kay Beauty Hd Liquid Concealer', 'Kay Beauty Gel Eye Pencil', 'Kay Beauty Eyeshadow Palette', 'Kay Beauty Matte Compact'})"
396,0.17073170731707318,"frozenset({'Kay Beauty Matte Compact', 'Kay Beauty Creme Blush', 'Kay Beauty Gel Eye Pencil', 'Kay Beauty Eyeshadow Palette', 'Kay Beauty Ultra Black Volume & Length Mascara - Midnight'})"
397,0.17073170731707318,"frozenset({'Kay Beauty Matte Compact', 'Kay Beauty Hd Liquid Concealer', 'Kay Beauty Eyeshadow Palette', 'Kay Beauty Illuminating Highlighter', 'Kay Beauty Ultra Black Volume & Length Mascara - Midnight'})"
398,0.17073170731707318,"frozenset({'Lakme Absolute Kohl Ultimate The Gelato Collection', 'Kay Beauty Hd Liquid Concealer', 'Kay Beauty Eyeshadow Palette', 'Kay Beauty Illuminating Highlighter', 'Kay Beauty Matte Compact'})"
399,0.17073170731707318,"frozenset({'Kay Beauty Matte Compact', 'Lakme Absolute Kohl Ultimate The Gelato Collection', 'Kay Beauty Hd Liquid Concealer', 'Kay Beauty Eyeshadow Palette', 'Kay Beauty Ultra Black Volume & Length Mascara - Midnight'})"
