,0
0,Nykaa Naturals Anti-pigmentation Face Wash + Nykaa Tea Tree & Salicylic Acid Spot Patch
1,"Nykaa Naturals Apple Cider Vinegar & Ginger Anti-Dandruff Oil, Shampoo, Mask & Wrap Combo"
2,Kay Beauty Matte Action Lip Liner
3,Kay Beauty HD Liquid Colour Corrector
4,Nykaa Facial Ice Globes for Depuffing & Skin Tightening
5,Nykaa Naturals Anti-Pigmentation & De-tanning Face Wash Combo - Papaya +Sandalwood & Orange Peel
6,Masaba By Nykaa - You Croc My World Lipstick & Nail Enamel Combo
7,L'Oreal Paris Magic Retouch Instant Root Concealer Spray
8,Nykaa Cosmetics Glam Eyes Look-Glamoreyes Coloured Liquid EyelinerChaotic Calypso+Enchanting Forest
9,Maybelline New York Colossal Mascara With 2 Free Sensational Liquid Matte Mini - Best Babe
10,Kay Beauty Ultra Black Volume & Length Mascara - Midnight
11,Nykaa Wedding Lotus Gift Box
12,"Nykaa Naturals Apple Cider Vinegar & Ginger Anti-dandruff Oil, Shampoo, Conditioner & Wrap Combo"
13,Kay Beauty Pastel Crush Nail Enamel Combo- Tender Lavender + Aspire + Pink Gem
14,Kay Beauty Matte Blush
15,Nykaa Strobe & Glow Liquid Highlighter - Blushed Moonlight
16,Nykaa SKINgenius Foundation Stick Conceal Contour & Corrector - Toffee Chisel 07
17,Herbal Essences Strawberry 2 Shampoo + Conditioner
18,"Herbal Essences Aloe & Eucalyptus Shampoo + Aloe & Bamboo Conditioner, No- Sulphates & Paraben"
19,Nykaa Naturals 4 Shampoo Combo-Onion+Apple Cider Vinegar+Amla & Curry Leaves+Fermented Rice Water
20,Herbal Essences Strawberry & Mint Conditioner - For Cleansing & Volume - Paraben Free
21,Moi Day & Night Fragrance Duo - Bisous + Matin
22,Nykaa Mini Skinshield Anti-pollution Matte Foundation
23,Nykaa Naturals Radiance Face Wash + Nykaa Clay It Cool Perfect Glow Clay Mask
24,Olay Total Effects Day Cream For Sensitive Skin - Niacinamide
25,L'Oreal Paris Matte Signature Eyeliner
26,Kay Beauty Cocktail Hour Combo - Gel Eye Pencils In Gold & Olive
27,Kay Beauty Paint Your Mood Nail Enamel Combo
28,NYX Professional Makeup Born To Glow Liquid Illuminator
29,L'Oreal Paris Infallible Ultra Matte Liquid Les Macarons Lipstick
30,Nykaa Naturals Onion & Fenugreek + Apple Cider & Vinegar + Amla & Curry Leaves Shampoo - Pack of 3
31,Nykaa Naturals Apple Cider Vinegar & Ginger Shampoo & Conditioner- Anti-Dandruff Combo
32,Nykaa All Thing Glam Makeup Bag - Golden Hour
33,Nykaa Matte To Last! Mini Liquid Lipstick - Maithili 25
34,NYX Professional Makeup Must Haves - Tinted Brow Mascara Espresso & Soft Matte Lip Cream Copenhagen
35,Maybelline New York Color Sensational Matte Metallic Lipstick
36,Maybelline New York Bold & Nude - Eye Combo
37,L'Oreal Paris Infallible Le Rouge Lipstick
38,Nykaa Mirror Shine Trousseau Box - Rose Gold
39,Nykaa Get Winged! Sketch Eyeliner Pen - Black Swan 01
40,L'Oreal Paris Infallible Pro-Spray & Set Makeup Extender
41,Kay Beauty Illuminating Highlighter
42,Retinol & Hyaluronic Acid Sleeping Mask for Intense Hydration - Pack of 2
43,Maybelline New York Fit Me Compact Powder
44,Herbal Essences Strawberry & Mint Shampoo - For Cleansing & Volume - Paraben Free
45,Nykaa So Matte! Mini Lipstick - 17 M Cranberry Sangria
46,Lakme Absolute Forever Silk Eyeliner
47,Nykaa So Matte! Mini Lipstick - 30 M Regal Ruby
48,"Nykaa Naturals Apple Cider Vinegar & Ginger Hair Oil, Shampoo And Conditioner - Anti Dandruff Combo"
49,Nykaa SKINgenius Skin Perfecting & Hydrating Matte Powder Compact
50,Nykaa All Thing Glam Makeup Bag - Pristine White
51,Maybelline New York Super Stay Matte Ink Liquid Lipstick Birthday Collection
52,"Herbal Essences Cocoa Butter Shampoo For Hair Strengthening - No Parabens, No Colourants"
53,L'Oreal Paris Casting Creme Gloss Ultra Visible Conditioning Hair Color
54,Lakme Enrich Matte Lipstick
55,Nykaa Naturals Clay It Cool Daily Detox Clay Mask + Perfect Glow Clay Mask for Supple Skin
56,Masaba By Nykaa Lipstick
57,Masaba Signature Kit - Lipstick + Nail Paint + Mini Perfume
58,Nykaa Ultra Matte Mini- Marilyn - 10
59,Nykaa Matte to Last! Metallic Liquid Lipstick and Eyeshadow
60,"NIVEA Sun Lotion, SPF 50, with UVA & UVB Protection, Water Resistant Sunscreen"
61,Kay Beauty Quick Dry Liquid Eyeliner
62,Olay Total Effects 7 In One Anti-Ageing Day Cream Normal SPF 15
63,Nykaa Matte to Last! Mini Metallic Liquid Lipstick and Eyeshadow
64,Nykaa So Matte! Mini Lipstick - 37 M Beachy Peachy
65,Nivea Naturally Good Care Box
66,Nykaa Tea Tree & Salicylic Acid Spot Patch + Nykaa Rice Water & Vitamin C Sleeping Mask
67,Nykaa Matte to Last! Mini Liquid Lipstick - Jhumki 14
68,Maybelline New York V-Face Duo Stick
69,Nykaa Naturals Mini Shampoo
70,Lakme Lip Gloss
71,Herbal Essences Strawberry Shampoo + Strawberry Conditioner
72,Maybelline New York Facestudio Master Strobing Cream
73,"Herbal Essences Cocoa Butter Shampoo & Conditioner For Hair Strengthening - No Parabens, No Colourants"
74,Kay Beauty Glittery Glam Nails Look With Kay Beauty Nail Enamel Nail Polish
75,Nykaa Strobe & Glow Liquid Highlighter - Glazed Bronze
76,Nykaa Love Struck Tender Touch Shower Gel + Body Lotion + Perfume
77,Nykaa Cosmetics Mini Skinshield Anti-pollution Matte Foundation - Very Vanilla 02
78,Nykaa Prove Your Point Cosmetic Sharpener! - 6112
79,Nykaa Party Edit Clutch
80,Lakme Eye-conic Eyes Combo
81,Kay Beauty Contour Stick
82,Kay Beauty Lip & Cheek Combo
83,Kay Beauty Creme Blush
84,Lakme Blush & Glow Lemon Freshness Gel Face Wash
85,Nykaa Serial Kisser Lip Balm - Raspberry
86,Herbal Essences Argan Shampoo + Argan Conditioner
87,Nykaa Cosmetics Trending Neons Matte Nail Enamel - Cherry Pop + Lemonade Fizz + Pink Lemonade
88,Nykaa Naturals Ice Roller for De-puffing and Face Toning Massage - Blue
89,Kay Beauty Waterproof 24 Hour Kajal - Spade - Black
90,NYX Professional Makeup Liquid Suede Cream Lipstick
91,Nykaa SKINgenius Skin Perfecting & Hydrating Matte Powder Compact - Rose Beige 02
92,Lakme Absolute Illuminating Blush Shimmer Brick
93,Nykaa Cosmetics So Matte Mini Nude Lipsticks - Bon Bon + Totes Natural + Cinnamon Crunch
94,Nykaa Tea Tree & Salicylic Acid Spot Patch for Pimple Care - Pack Of 10
95,Nykaa Tea Tree & Salicylic Acid Spot Patch + Nykaa Sandalwood & Orange Peel Face Wash
96,L'Oreal Paris Casting Creme Gloss Hair Color - 316 + Magic Retouch Instant Root Concealer - 2 Dark Brown
97,Nykaa Cosmetics Eyes On Me ! 4 In 1 Quad Eyeshadow Palette Desk To Date + Night Out
98,Kay Beauty Hd Liquid Concealer
99,Lakme Absolute Flutter Secrets Dramatic Eyes Mascara - Night Drama
100,Olay Total Effects 7 In One Day Cream Normal SPF 15 (Trial Size) 8gm
101,Maybelline New York Liner & Palette Combo: Blushed Look
102,Lakme 9 To 5 Matte Moist Mattifying Moisturiser
103,Nykaa Naturals Apple Cider Vinegar & Ginger Anti-dandruff Hair Oil + Shampoo + Massager Combo
104,Nykaa Cosmetics Gel Shine Manicure- Nail Lacquer + Nail Care + Nail Enamel Remover
105,Lakme Matte Ultimate Festive Lips Combo
106,Lakme 9to5 Primer + Matte Liquid Lip Color
107,"Herbal Essences Aloe & Bamboo Shampoo + Conditioner For Soft Smooth Hair, No Sulphates & Paraben"
108,Lakme True Wear Nail Color
109,Nykaa Naturals CleanTouch 2 in 1 Face Brush & Massager for Deep Cleansing & Exfoliation
110,Lakme Peach Milk Moisturizer Spf 24 Pa++
111,L'Oreal Paris True Match BB Cream
112,L'Oreal Paris Infallible Gel Crayon Eyeliner
113,"Herbal Essences Strawberry Shampoo & Conditioner For Voluminous Hair - No Parabens, No Colourants"
114,Nykaa Naturals Calming & De-tanning Face Wash Combo
115,Nykaa Tea Tree & Salicylic Acid Spot Patch + Nykaa Saffron & Honey Face Wash
116,Masaba's Fiery Orange Look- Lipstick + Nail enamel- Can't Deal
117,Maybelline New York Lasting Drama Light Eyeliner Pencil
118,Nykaa Naturals 2 in 1 Vibrating Face Roller With Under Eye Massager - Green Jade
119,Kay Beauty HD Translucent Loose Powder - White
120,Nykaa Naturals Calming Face Wash + Face Scrub + Clay It Cool Oil Control Clay Mask
121,Nykaa Naturals Charcoal & Bamboo Deep Detox And Cleanse Shampoo - Pack Of 2
122,Maybelline New York The Blushed Nudes Eye Shadow Palette
123,The Ultimate Nude Duo - Kay Beauty Long Stay Matte Lipstick - Debut & Nail Enamel - Nutty 21
124,Nykaa Cosmetics Masaba By Nykaa Mini Pocket Perfume
125,Olay Eye Cream - With Niacinamide & Pentapeptides
126,Kay Beauty Nail Nourish Nail Emanel Combo - Carnival & Wine Berry
127,Maybelline New York Color Sensational Satin Lipstick
128,NYX Professional Makeup Pore Filler
129,NYX Professional Makeup Long Lasting Makeup Setting Spray Radiant Finish
130,L'Oreal Paris Glycolic Bright Day Regime
131,Nykaa Naturals Anti-pigmentation & Radiant Skin Face Wash Combo
132,Olay White Radiance Day & Night Cream for Brightening and Glow
133,Nykaa Naturals Reetha & Shikakai Shampoo For Dull & Brittle Hair - Pack Of 2
134,L'Oreal Paris Superliner Black Lacquer
135,Kay Beauty Gel Eye Pencil
136,Herbal Essences Argan Oil Of Moroccan Shampoo & Conditioner With Free Neem Comb
137,Nykaa Naturals Hydrating Face Wash + Nykaa Tea Tree & Salicylic Acid Spot Patch
138,Nykaa Wedding Moringa Gift Box
139,Nykaa Naturals Calming Face Wash + Nykaa Clay It Cool Oil Control Clay Mask
140,Maybelline New York Sensational Liquid Matte Minis Pack Of 3
141,Kay Beauty Matteinee Matte Lip Crayon Lipstick
142,Lakme Absolute Plush Matte Lip Crayon
143,Nykaa So Matte! Mini Lipstick - 03 Devious Pink
144,Nykaa Ultra Matte Mini- Cher 14
145,Kay Beauty Matteinee Matte Lip Crayon Lipstick Combo - Rom Com & Wee Hours
146,Nykaa So Matte! Mini Lipstick - 45 M Dirty Peach
147,Get Party Ready With Kay Beauty Lip Liner - Dance Off & Matte Lipstick - Premier
148,Nykaa Cosmetics Breathable Nail Enamel Set Of 4- Downtime Daisy + Lazy Lilac + Sea Breeze+Stay Zen
149,Olay Regenerist Whip Mini and Ultimate Eye Cream Combo
150,NYX Professional Makeup Suede Matte Lip Liner
151,Kay Beauty Shine On Combo - Gel Eye Pencils In Bronze & Green
152,NYX Professional Makeup Diamonds & Ice - Please Setting Spray Kit
153,Nykaa Serial Kisser Lip Balm - Pinacolada
154,Kay Beauty Pastel Perfection Nail Enamel Combo
155,Kay Beauty Eyeshadow Palette
156,Nykaa Naturals Ice Roller for De-puffing and Face Toning Massage - Lavender
157,Nykaa Sun Gaze Holographic Vanity Kit 2
158,Nykaa So Matte! Mini Lipstick - 01 Notorious Red
159,Nykaa Naturals Calming Face Wash + Nykaa Tea Tree & Salicylic Acid Spot Patch
160,"Nykaa Naturals Apple Cider Vinegar & Ginger Anti-dandruff Hair Oil, Shampoo And Hair Mask Combo"
161,Nykaa Naturals Jade Comb For Hair Growth And Scalp Health - Green Jade
162,NYX Professional Makeup Powder Puff Lippie Cream
163,Kay Beauty Matte Compact
164,Nykaa Naturals Apple Cider Vinegar & Ginger Anti- Dandruff Shampoo and Hair Wrap Combo
165,Nykaa SKINgenius BB Cream SPF30 - Soft Beige 02
166,"Nykaa Naturals Apple Cider Vinegar & Ginger Shampoo, Conditioner & Hair Wrap - Anti Dandruff Combo"
167,Kat's Bold Night Look - Kay Beauty Matte Lipstick & Liquid Eyeliner
168,"Nykaa Apple Cider Vinegar & Ginger Anti-Dandruff Shampoo,Conditioner,Hair Mask and Wrap Combo"
169,Nykaa Glamoreyes Coloured Liquid Eyeliner & Pencil Duo - Chaotic Calypso + Jade Jinx
170,Nykaa Serial Kisser Lip Balm - Pomegranate
171,Nykaa Cosmetics Blendpro Powder Brushes Combo
172,Herbal Essences Coconut Milk Shampoo For Hydration & Softness - No Parabens- No Colourants
173,Olay Ultimate Skin Regimen Kit
174,Nykaa Bling It On! Mini Travel-Size Makeup Pouch - Stormy Goddess
175,L'Oreal Paris Volume Million Lashes Waterproof Mascara
176,Herbal Essences Bio:Renew Hydrate Coconut Milk Conditioner
177,L'Oreal Paris Excellence Fashion Highlights Hair Color
178,Herbal Essences Argan 2 Shampoo + Conditioner
179,Nykaa Naturals Apple Cider Vinegar & Ginger Anti-dandruff Hair Oil And Shampoo Combo
180,Nykaa So Matte! Mini Lipstick - 26 M Bon Bon
181,Nykaa Strobe & Glow Liquid Highlighter
182,Nykaa GLAMOReyes Coloured Liquid Eyeliner - 05 Dragon's Heart
183,Olay Ultra Lightweight Moisturiser: Luminous Whip Day Cream (non SPF)
184,"Nykaa Naturals Apple Cider Vinegar & Ginger Anti-dandruff Hair Oil, Shampoo And Hair Wrap Combo"
185,Nykaa Naturals Apple Cider Vinegar & Ginger Shampoo - Pack of 3
186,Nykaa Bestsellers - So Creme Lipstick - Wakeup Makeup + All Day Matte Liquid Lipstick - Soul Sister
187,Lakme Kajal - Black
188,Nykaa Paintstix! Waterproof Matte Lipstick - Polka Dots
189,Nykaa Prep Me Up Primer + All Day Matte Foundation Perfect Your Base Combo
190,Nykaa Cosmetics Get Set Matte Liquid Lipstick Duo - G.O.A.T + LIT
191,Maybelline New York Face Studio Master Contour Palette
192,L'Oreal Paris Le Bar Powder Blush - 8 City Explorer
193,Nykaa Face and Eye Shield Mask
194,L'Oreal Paris Flash Cat Eye Eyeliner - Black
195,Kay Beauty Colour Correcting Primer
196,Nykaa Anti Acne Combo (Spot Patch + Face Wash + Sleeping Mask)
197,Lakme Absolute Argan Oil Serum Foundation With SPF 45
198,Colorbar Mogra Mist - Scent Of An India Temple - 001
199,"Herbal Essences Argan Oil Shampoo & Conditioner For Frizz - No Parabens, No Colourants"
200,"Herbal Essences Aloe & Bamboo Shampoo For Soft Smooth Hair, No-Sulphates, Paraben and Silicones"
201,Herbal Essences Coconut 2 Shampoo + Conditioner
202,Nykaa Naturals Calming Face Wash + Tea Tree & Salicylic Acid Spot Patch + Witch Hazel & AHA Sleeping Mask
203,L'Oreal Paris x Karl Lagerfeld Lipstick
204,Nykaa Naturals CleanTouch 2 in 1 Face Brush & Massager for Deep Cleansing & Exfoliation - Pink
205,Nykaa Contour & Conquer - Contour and Highlight Duo - Sizzle Chisel 01
206,Lakme Face Sheer Blusher
207,Nykaa Bling It On! Mini Travel-Size Makeup Pouch - Blushing Gold
208,Nykaa Cosmetics All Day Matte Long Wear Foundation + Compact - Beige
209,NYX Professional Makeup Ultimate Multi-Finish Shadow Palette
210,Nykaa Tea Tree & Salicylic Acid Spot Patch for Pimple Care - Pack Of 5
211,Nykaa Get Set Matte! Demi Matte Lip Cream Liquid Lipstick - BASIC
212,Nykaa Oh My Brow! Eyebrow Mascara - Sirius Brown
213,Lakme Absolute Illuminating Blush Shimmer Brick - In Pink + Eyeconic Curling Mascara - Black Combo
214,Nykaa Tea Tree & Salicylic Acid Spot Patch for Pimple Care - Pack Of 2
215,Kay Beauty Nail Nourish Nail Enamel Polish
216,Nykaa Naturals Anti-pigmentation & Purifying Skin Face Wash Combo
217,Nykaa 3 Ply Mask With Face Shield
218,Nykaa Lash Talk False Eyelash - Major Length
219,Nykaa Vitamin C PM Regime with Skin Secret Rice Water & Vitamin C Sleeping Mask + Facial Ice Globes
220,Nykaa Dual Tone Nail Enamel Remover
221,Nykaa Cosmetics Puckers On With Matte To Last Liquid Lipstick- Begum + Boho + Maithili
222,Herbal Essences Cocoa Butter 2 Shampoo + Conditioner
223,Nykaa Naturals De-tanning Face Wash + Face Scrub + Clay It Cool Daily Detox Clay Mask
224,Nykaa Paintstix! Waterproof Matte Lipstick - Flower Power
225,Nykaa Bling It On Pouch
226,Herbal Essences Argan Oil Of Morocco Shampoo - For Frizz Free Hair - Paraben Free
227,Nykaa Naturals Apple Cider Vinegar & Ginger Shampoo & Hair Mask
228,Nykaa Tea Tree & Salicylic Acid Spot Patch + Nykaa Tea Tree & Neem Face Wash
229,Nykaa Naturals Glow Boosting Skin Potion + Anti- Ageing Skin Potion Face Oil
230,"Nykaa Moi Fragrance Mini Bar Combo- Amour, Bisous, Joie De Vivre, Raison D'Etre"
231,Nykaa Cosmetics Get Set Matte Look- All Day Matte compact powder- Maple + So Creme Matte Lipstick- Day Dreaming
232,Nykaa Cosmetics BlendPro Highlighting Fan Makeup Brush & Foundation Makeup Brush Combo
233,Nykaa Tea Tree & Salicylic Acid Spot Patch + Nykaa Tea Tree & Aloe Vera Sleeping Mask
234,Nykaa Woman Washable and Reusable Face Mask - Tropical
235,Masaba By Nykaa - Face Palm Lipstick & Nail Enamel Combo
236,Nykaa Wedding Jasmine Gift Box
237,Maybelline New York Fashion Brow Duo Shaper
238,L'Oreal Paris Hair Colour Protection Combo - Casting Creme Gloss Hair Colour 400 Dark Brown + Magic Retouch
239,Kay Beauty Matte HD Setting Loose Powder
240,Nykaa Cosmetics Best Of Matte To Last In Minis- Janhvi + Madras Kaapi + Maharani
241,Nykaa BlendPro Highlighting Fan Makeup Brush
242,Nykaa Nail Enamel Combos- Barefoot Stroll + Purple Unicorn + Hasta La Pista Creme
243,Nykaa Naturals 5 Shampoo Combo-Onion +Apple Cider Vinegar +Amla +Fermented Rice Water+Reetha
244,Kay Beauty Island Vibes Combo - Gel Eye Pencils In Blue & Green
245,Kay Beauty Matte Lips Combo - Lip Crayon - Wee Hours & Matte Lipstick - Backstage
246,Lakme Absolute White Intense SPF 20 Concealer Stick
247,Nykaa Love Struck Skip A Beat Body Lotion + Perfume
248,Nykaa Lash Talk False Eyelash
249,Kay Beauty Hydrating Foundation
250,Kay Beauty Matte Drama Long Stay Lipstick
251,Nykaa Naturals Apple Cider Vinegar & Ginger Shampoo - Pack of 2
252,Maybelline New York Tattoo Studio Gel Eyeliner Pencil
253,NYX Professional Makeup Wonder Stick
254,Nykaa Wing In A Blink Eyeliner Pen - Dark Knight 01
255,Nykaa Naturals Charcoal & Bamboo Shampoo And Hair Wrap Combo
256,Kay Beauty Metallic Eyeshadow Stick Pencil
257,Nykaa Naturals Radiance Face Wash + Nykaa Tea Tree & Salicylic Acid Spot Patch
258,Lakme Enrich Satin Lipstick
259,Nykaa SKINgenius Foundation Stick Conceal Contour & Corrector - Golden Hazelnut 06
260,Kay Beauty Colour Corrector Stick
261,Maybelline New York Clear Smooth All in One UV+ Lightening Oil Control Two Way Cake SPF 32 PA+++
262,Nykaa Cosmetics Ultra Matte Lipsticks - Grace + Marilyn + Neferti
263,Lakme Absolute Kohl Ultimate The Gelato Collection
264,Herbal Essences Argan Oil Of Morocco Conditioner - For Frizz Free Hair - Paraben Free
265,Nykaa Metal Addict Makeup Bag - Blushing Gold
266,Herbal Essences Bio:Renew Strength Whipped Cocoa Butter Conditioner
267,"Herbal Essences Aloe & Bamboo Shampoo + Conditioner Kit For Soft Hair, Sulphate & Paraben Free"
268,"Herbal Essences Aloe & Eucalyptus Shampoo For Soft Smooth Hair, No- Sulphates, Paraben and Silicones"
269,Nykaa Naturals Radiance Face Wash + Rice Water & Vitamin C Sleeping Mask Combo
270,Nykaa SKINgenius BB Cream SPF30
271,Nykaa Tea Tree & Salicylic Acid Spot Patch + Nykaa Retinol & Hyaluronic Acid Sleeping Mask
272,Nykaa Cosmetics Breathable Nail Enamel Combo-Easy Nude + Dreamy Dahlia
273,Nykaa Skin Secrets Tea Tree & Salicylic Acid Spot Patch
274,Nykaa All Day Matte Long Wear Foundation + Compact - Ivory
275,Herbal Essences Aloe & Bamboo Conditioner Soft Smooth Hair- No- Sulphates and Paraben(400gm)
276,Maybelline New York Shine Compulsion Lipstick
277,"Herbal Essences Strawberry Shampoo & Conditioner For Volume - No Parabens, No Colourants"
278,Nykaa Mirror Shine Trousseau Box
279,L'Oreal Paris Infallible Mega Gloss
280,L'Oreal Paris Age 20+ Skin Perfect Cream UV Filters
281,"Olay Aha & Niacinamide Super Cream , Acne Mark & Spot Removal Cream - For All Skin Types"
282,Nykaa Mermaid Squad Pouch
283,Nykaa Serial Kisser Lip Balm Combo - Strawberry & Raspberry
284,Nykaa Cosmetics Pastel Manicure Kit
285,Nykaa Serial Kisser Lip Balm - Grape
286,Nykaa Naturals Ice Roller for De-puffing and Face Toning Massage - Pink
287,Maybelline New York Define & Blend Brow Pencil
288,Lakme Perfect Definition Lipliner - Mauve Passion
289,"Herbal Essences Coconut Milk Shampoo & Conditioner For Hydration & Softness - No Parabens, No Colourants"
290,Nykaa BlendPro Powder Stippling Makeup Brush
291,Maybelline New York The Colossal Liner - Black
